Workbook

Sheet 进度统计表
A1: 车控车设 | B1: 总接口量 | C1: =SUM('【对接进度说明】'!E2:E70) | H1: =G5+G12 | I1: 7 | J1: =H1/I1
C2: 已完成/已通过 | D2: 待完成/待通过 | E2: 总进度百分比 | F2: 生产率（条/人天） | G2: 剩余工期（人天） | H2: 合计剩余工作量 | I2: 可用人力 （已协调人力） | J2: 无任何阻塞所需工期
B3: 上汽适配接口提供 | C3: =SUM('【对接进度说明】'!I2:I70) | D3: =C1-C3 | E3: =C3/$C$1
B4: 上汽实车能力提供 | C4: =SUM('【对接进度说明】'!K2:J70) | D4: ='【对接进度说明】'!P65:P64 | E4: =C4/$C$1
B5: 火山开发适配 | C5: =SUM('【对接进度说明】'!T2:T70) | D5: =C1-C5 | E5: =C5/$C$1 | F5: 4 | G5: =D5/F5
B6: 上汽+火山测试执行 | C6: =SUM('【对接进度说明】'!AC2:AC70) | D6: =C1-C6 | E6: =C6/$C$1
B7: 火山测试执行 | C7: =C6-C8 | D7: =D6-D8 | E7: =C7/$C$1
B8: 上汽测试执行 | C8: ='【对接进度说明】'!AB66:AB65 | D8: ='【对接进度说明】'!AC66:AC65 | E8: =C8/$C$1
B9: 测试通过case | C9: =SUM('【对接进度说明】'!AI2:AI70) | D9: =C1-C9 | E9: =C9/$C$1
A11: 端状态 | B11: 总接口数量 | C11: 225
B12: 火山开发适配 | C12: 161 | D12: =C11-C12 | E12: =C12/C11 | F12: 6 | G12: =D12/F12
B13: 火山测试执行 | C13: 16 | D13: =C11-C13 | E13: =C13/C11
E15: 当前负责人 | I15: 当前卡点
C16: 数量 | D16: 比例 | E16: 上汽 | F16: 产品 | G16: 研发 | H16: 测试 | I16: 接口没提供 | J16: 接口
B17: 总api数
B18: 上汽提供api
B19: 研发验证
B20: 研发接
B21: 测试执行
B22: 测试通过

Sheet 透视表
A1: 车控 | D1: 系统设置 | G1: 通讯 | J1: 智能驾驶 | M1: 多媒体 | N1: ❌ | P1: 地图导航 | S1: 手车互联 | V1: 通用 | Y1: 模块 | Z1: 功能名称 | AA1: 主开发 （service逻辑+上汽原子能力）
Y2: 车控 | Z2: 车窗 | AA2: 余明明
Y3: 车控 | Z3: 空调 | AA3: 赵明珠
Y4: 车控 | Z4: 电动出风口 | AA4: 赵明珠
Y5: 车控 | Z5: 座椅 | AA5: 陈果果
Y6: 车控 | Z6: 外后视镜 | AA6: 谢一鸣
Y7: 车控 | Z7: 尾门 | AA7: 谢一鸣
Y8: 车控 | Z8: 雨刮 | AA8: 谢一鸣
Y9: 车控 | Z9: 遮阳帘 | AA9: 余明明
Y10: 车控 | Z10: 门锁 | AA10: 刘敬思
Y11: 车控 | Z11: 充电管理 | AA11: 陈果果
Y12: 车控 | Z12: 冰箱 | AA12: 杨忠谕
A13: 1 | Y13: 车控 | Z13: 晕动舒缓显示 | AA13: 余明明
A14: 模块\API（04.29变更前） | B14: 总api数 | C14: 本项目使用api数 | D14: 上汽已提供api数 | E14: 研发确认可用api数 | F14: 研发完成api数 | G14: 研发完成度 | H14: 测试覆盖api数 | I14: 测试执行完成度 | J14: 测试通过case数 | K14: case通过完成度 | L14: 备注
A15: 车控 | B15: 410 | C15: 400 | D15: 400 | E15: 392 | F15: 382 | G15: 0.955 | H15: 367 | I15: 0.9175 | J15: 335 | K15: 0.8375
A16: 系统设置 | B16: 126 | C16: 111 | D16: 106 | E16: 105 | F16: 101 | G16: 0.90990991 | H16: 79 | I16: 0.71171171 | J16: 68 | K16: 0.61261261
A17: 通讯 | B17: 26 | C17: 26 | D17: 26 | E17: 26 | F17: 23 | G17: 0.88461538 | H17: 24 | I17: 0.92307692 | J17: 24 | K17: 0.92307692
A18: 智能驾驶 | B18: 12 | C18: 7 | D18: 7 | E18: 5 | F18: 4 | G18: 0.57142857 | H18: 1 | I18: 0.14285714 | J18: 1 | K18: 0.14285714
A19: 多媒体 | B19: 81 | C19: 80 | D19: 80 | E19: 79 | F19: 78 | G19: 0.975 | H19: 75 | I19: 0.9375 | J19: 56 | K19: 0.7
A20: 地图导航 | B20: 69 | C20: 69 | D20: 69 | E20: 59 | F20: 59 | G20: 0.85507246 | H20: 61 | I20: 0.88405797 | J20: 37 | K20: 0.53623188 | L20: 不含AInavi
A21: 手车互联 | B21: 8 | C21: 8 | D21: 8 | E21: 0 | F21: 0 | G21: 0 | H21: 0 | I21: 0 | J21: 0 | K21: 0
A22: 通用 | B22: 3 | C22: 3 | D22: 3 | E22: 3 | F22: 3 | G22: 1 | H22: 3 | I22: 1 | J22: 1 | K22: 0.33333333
B23: 735 | C23: 704 | D23: 699 | E23: 669 | F23: 650 | G23: 0.92329545 | H23: 610 | I23: 0.86647727 | J23: 522 | K23: 0.74147727
A24: 端状态信号 | B24: 391 | C24: 241 | D24: 236 | E24: 208 | F24: 208 | G24: 0.86307054 | H24: 188 | I24: 0.78008299 | J24: 153 | K24: 0.63485477 | L24: 字节侧依赖： 1、阅读灯+系统和设置相关的信号共9个，依赖P基线的实车。 2、道路导航相关的，拥堵、沿途服务区，相关的API上汽已提供 3、媒体播放2个，演员+导演名字，验证不通过； 4、智驾相关的，当前不具备验证条件； 无依赖进展： 1、道路导航相关的正在开发； 2、较多的异常信号，实车没有对应的信号block测试（47）；除去block通过率在：73%左右。
A27: 46209
A28: 模块\API（04.29变更前） | B28: 总api数 | C28: 本项目使用api数 | D28: 上汽已提供api数 | E28: 研发确认可用api数 | F28: 研发完成api数 | G28: 研发完成度 | H28: 测试覆盖api数 | I28: 测试执行完成度 | J28: 测试通过case数 | K28: case通过完成度 | L28: 备注
A29: 车控 | B29: 410 | C29: 400 | D29: 400 | E29: 392 | F29: 382 | G29: 0.955 | H29: 367 | I29: 0.9175 | J29: 331 | K29: 0.8275
A30: 系统设置 | B30: 126 | C30: 111 | D30: 106 | E30: 105 | F30: 101 | G30: 0.90990991 | H30: 79 | I30: 0.71171171 | J30: 68 | K30: 0.61261261
A31: 通讯 | B31: 26 | C31: 26 | D31: 26 | E31: 26 | F31: 23 | G31: 0.88461538 | H31: 24 | I31: 0.92307692 | J31: 24 | K31: 0.92307692
A32: 智能驾驶 | B32: 12 | C32: 7 | D32: 7 | E32: 5 | F32: 4 | G32: 0.57142857 | H32: 1 | I32: 0.14285714 | J32: 1 | K32: 0.14285714
A33: 多媒体 | B33: 81 | C33: 80 | D33: 80 | E33: 79 | F33: 78 | G33: 0.975 | H33: 75 | I33: 0.9375 | J33: 56 | K33: 0.7
A34: 地图导航 | B34: 69 | C34: 69 | D34: 69 | E34: 59 | F34: 59 | G34: 0.85507246 | H34: 61 | I34: 0.88405797 | J34: 37 | K34: 0.53623188 | L34: 不含AInavi
A35: 手车互联 | B35: 8 | C35: 8 | D35: 8 | E35: 0 | F35: 0 | G35: 0 | H35: 0 | I35: 0 | J35: 0 | K35: 0
A36: 通用 | B36: 3 | C36: 3 | D36: 3 | E36: 3 | F36: 3 | G36: 1 | H36: 3 | I36: 1 | J36: 1 | K36: 0.33333333
B37: 735 | C37: 704 | D37: 699 | E37: 669 | F37: 650 | G37: 0.92329545 | H37: 610 | I37: 0.86647727 | J37: 518 | K37: 0.73579545
A38: 端状态信号 | B38: 391 | C38: 241 | D38: 236 | E38: 208 | F38: 208 | G38: 0.86307054 | H38: 188 | I38: 0.78008299 | J38: 153 | K38: 0.63485477 | L38: 字节侧依赖： 1、阅读灯+系统和设置相关的信号共9个，依赖P基线的实车。 2、道路导航相关的，拥堵、沿途服务区，相关的API上汽已提供 3、媒体播放2个，演员+导演名字，验证不通过； 4、智驾相关的，当前不具备验证条件； 无依赖进展： 1、道路导航相关的正在开发； 2、较多的异常信号，实车没有对应的信号block测试（47）；除去block通过率在：73%左右。
A40: 46206
A41: 模块\API（04.29变更前） | B41: 总api数 | C41: 本项目使用api数 | D41: 上汽已提供api数 | E41: 研发确认可用api数 | F41: 研发完成api数 | G41: 研发完成度 | H41: 测试覆盖api数 | I41: 测试执行完成度 | J41: 测试通过case数 | K41: case通过完成度 | L41: 备注
A42: 车控 | B42: 409 | C42: 399 | D42: 399 | E42: 389 | F42: 375 | G42: 0.93984962 | H42: 364 | I42: 0.9122807 | J42: 329 | K42: 0.8245614
A43: 系统设置 | B43: 126 | C43: 111 | D43: 106 | E43: 105 | F43: 101 | G43: 0.90990991 | H43: 79 | I43: 0.71171171 | J43: 68 | K43: 0.61261261
A44: 通讯 | B44: 26 | C44: 26 | D44: 26 | E44: 26 | F44: 23 | G44: 0.88461538 | H44: 24 | I44: 0.92307692 | J44: 24 | K44: 0.92307692
A45: 智能驾驶 | B45: 12 | C45: 7 | D45: 7 | E45: 5 | F45: 4 | G45: 0.57142857 | H45: 1 | I45: 0.14285714 | J45: 1 | K45: 0.14285714
A46: 多媒体 | B46: 81 | C46: 80 | D46: 80 | E46: 79 | F46: 78 | G46: 0.975 | H46: 75 | I46: 0.9375 | J46: 56 | K46: 0.7
A47: 地图导航 | B47: 69 | C47: 69 | D47: 69 | E47: 59 | F47: 59 | G47: 0.85507246 | H47: 61 | I47: 0.88405797 | J47: 37 | K47: 0.53623188 | L47: 不含AInavi
A48: 手车互联 | B48: 8 | C48: 8 | D48: 8 | E48: 0 | F48: 0 | G48: 0 | H48: 0 | I48: 0 | J48: 0 | K48: 0
A49: 通用 | B49: 3 | C49: 3 | D49: 3 | E49: 3 | F49: 3 | G49: 1 | H49: 3 | I49: 1 | J49: 1 | K49: 0.33333333
B50: 734 | C50: 703 | D50: 698 | E50: 666 | F50: 643 | G50: 0.91465149 | H50: 607 | I50: 0.86344239 | J50: 516 | K50: 0.73399716
A51: 端状态信号 | B51: 391 | C51: 241 | D51: 236 | E51: 208 | F51: 208 | G51: 0.86307054 | H51: 188 | I51: 0.78008299 | J51: 153 | K51: 0.63485477 | L51: 字节侧依赖： 1、阅读灯+系统和设置相关的信号共9个，依赖P基线的实车。 2、道路导航相关的，拥堵、沿途服务区，相关的API待上汽提供 3、媒体播放2个，演员+导演名字，验证不通过； 4、智驾相关的，当前不具备验证条件； 无依赖进展： 1、道路导航相关的正在开发； 2、较多的异常信号，实车没有对应的信号block测试（47）；除去block通过率在：73%左右。
A53: 46204
A54: 模块\API（04.29变更前） | B54: 总api数 | C54: 本项目使用api数 | D54: 上汽已提供api数 | E54: 研发确认可用api数 | F54: 研发完成api数 | G54: 研发完成度 | H54: 测试覆盖api数 | I54: 测试执行完成度 | J54: 测试通过case数 | K54: case通过完成度 | L54: 备注
A55: 车控 | B55: 409 | C55: 399 | D55: 399 | E55: 389 | F55: 375 | G55: 0.93984962 | H55: 364 | I55: 0.9122807 | J55: 329 | K55: 0.8245614
A56: 系统设置 | B56: 126 | C56: 111 | D56: 106 | E56: 105 | F56: 101 | G56: 0.90990991 | H56: 79 | I56: 0.71171171 | J56: 68 | K56: 0.61261261
A57: 通讯 | B57: 26 | C57: 26 | D57: 24 | E57: 24 | F57: 23 | G57: 0.88461538 | H57: 24 | I57: 0.92307692 | J57: 24 | K57: 0.92307692
A58: 智能驾驶 | B58: 12 | C58: 12 | D58: 7 | E58: 5 | F58: 4 | G58: 0.33333333 | H58: 1 | I58: 0.083333333 | J58: 1 | K58: 0.083333333
A59: 多媒体 | B59: 81 | C59: 80 | D59: 80 | E59: 79 | F59: 78 | G59: 0.975 | H59: 75 | I59: 0.9375 | J59: 56 | K59: 0.7
A60: 地图导航 | B60: 69 | C60: 69 | D60: 69 | E60: 59 | F60: 59 | G60: 0.85507246 | H60: 61 | I60: 0.88405797 | J60: 37 | K60: 0.53623188 | L60: 不含AInavi
A61: 手车互联 | B61: 8 | C61: 8 | D61: 8 | E61: 0 | F61: 0 | G61: 0 | H61: 0 | I61: 0 | J61: 0 | K61: 0
A62: 通用 | B62: 3 | C62: 3 | D62: 3 | E62: 3 | F62: 3 | G62: 1 | H62: 3 | I62: 1 | J62: 1 | K62: 0.33333333
B63: 734 | C63: 708 | D63: 696 | E63: 664 | F63: 643 | G63: 0.90819209 | H63: 607 | I63: 0.85734463 | J63: 516 | K63: 0.72881356
A64: 端状态信号 | B64: 391 | C64: 241 | D64: 236 | E64: 208 | F64: 208 | G64: 0.86307054 | H64: 188 | I64: 0.78008299 | J64: 153 | K64: 0.63485477 | L64: 字节侧依赖： 1、阅读灯+系统和设置相关的信号共9个，依赖P基线的实车。 2、道路导航相关的，拥堵、沿途服务区，相关的API待上汽提供 3、媒体播放2个，演员+导演名字，验证不通过； 4、智驾相关的，当前不具备验证条件； 无依赖进展： 1、道路导航相关的正在开发； 2、较多的异常信号，实车没有对应的信号block测试（47）；除去block通过率在：73%左右。
A66: 629
A67: 模块\API（04.29变更前） | B67: 总api数 | C67: 本项目使用api数 | D67: 上汽已提供api数 | E67: 研发确认可用api数 | F67: 研发完成api数 | G67: 研发完成度 | H67: 测试覆盖api数 | I67: 测试执行完成度 | J67: 测试通过case数 | K67: case通过完成度 | L67: 备注
A68: 车控 | B68: 409 | C68: 399 | D68: 399 | E68: 389 | F68: 375 | G68: 0.93984962 | H68: 364 | I68: 0.9122807 | J68: 329 | K68: 0.8245614
A69: 系统设置 | B69: 126 | C69: 111 | D69: 106 | E69: 105 | F69: 101 | G69: 0.90990991 | H69: 79 | I69: 0.71171171 | J69: 68 | K69: 0.61261261
A70: 通讯 | B70: 26 | C70: 26 | D70: 24 | E70: 24 | F70: 23 | G70: 0.88461538 | H70: 24 | I70: 0.92307692 | J70: 24 | K70: 0.92307692
A71: 智能驾驶 | B71: 12 | C71: 12 | D71: 7 | E71: 5 | F71: 4 | G71: 0.33333333 | H71: 1 | I71: 0.083333333 | J71: 1 | K71: 0.083333333
A72: 多媒体 | B72: 81 | C72: 80 | D72: 80 | E72: 79 | F72: 78 | G72: 0.975 | H72: 75 | I72: 0.9375 | J72: 56 | K72: 0.7
A73: 地图导航 | B73: 69 | C73: 69 | D73: 69 | E73: 59 | F73: 59 | G73: 0.85507246 | H73: 61 | I73: 0.88405797 | J73: 37 | K73: 0.53623188 | L73: 不含AInavi
A74: 手车互联 | B74: 8 | C74: 8 | D74: 8 | E74: 0 | F74: 0 | G74: 0 | H74: 0 | I74: 0 | J74: 0 | K74: 0
A75: 通用 | B75: 3 | C75: 3 | D75: 3 | E75: 3 | F75: 2 | G75: 0.66666667 | H75: 3 | I75: 1 | J75: 1 | K75: 0.33333333
B76: 734 | C76: 708 | D76: 696 | E76: 664 | F76: 642 | G76: 0.90677966 | H76: 607 | I76: 0.85734463 | J76: 516 | K76: 0.72881356
A77: 端状态信号 | B77: 391 | C77: 241 | D77: 236 | E77: 208 | F77: 208 | G77: 0.86307054 | H77: 188 | I77: 0.78008299 | J77: 153 | K77: 0.63485477 | L77: 字节侧依赖： 1、阅读灯+系统和设置相关的信号共9个，依赖P基线的实车。 2、道路导航相关的，拥堵、沿途服务区，相关的API待上汽提供 3、媒体播放2个，演员+导演名字，验证不通过； 4、智驾相关的，当前不具备验证条件； 无依赖进展： 1、道路导航相关的正在开发； 2、较多的异常信号，实车没有对应的信号block测试（47）；除去block通过率在：73%左右。
A79: 625
A80: 模块\API（04.29变更前） | B80: 总api数 | C80: 本项目使用api数 | D80: 上汽已提供api数 | E80: 研发确认可用api数 | F80: 研发完成api数 | G80: 研发完成度 | H80: 测试覆盖api数 | I80: 测试执行完成度 | J80: 测试通过case数 | K80: case通过完成度 | L80: 备注
A81: 车控 | B81: 409 | C81: 399 | D81: 399 | E81: 389 | F81: 381 | G81: 0.95488722 | H81: 357 | I81: 0.89473684 | J81: 285 | K81: 0.71428571
A82: 系统设置 | B82: 126 | C82: 111 | D82: 106 | E82: 105 | F82: 101 | G82: 0.90990991 | H82: 79 | I82: 0.71171171 | J82: 68 | K82: 0.61261261
A83: 通讯 | B83: 26 | C83: 26 | D83: 24 | E83: 24 | F83: 23 | G83: 0.88461538 | H83: 23 | I83: 0.88461538 | J83: 21 | K83: 0.80769231
A84: 智能驾驶 | B84: 12 | C84: 12 | D84: 7 | E84: 5 | F84: 4 | G84: 0.33333333 | H84: 1 | I84: 0.083333333 | J84: 1 | K84: 0.083333333
A85: 多媒体 | B85: 81 | C85: 80 | D85: 80 | E85: 79 | F85: 78 | G85: 0.975 | H85: 75 | I85: 0.9375 | J85: 56 | K85: 0.7
A86: 地图导航 | B86: 69 | C86: 69 | D86: 69 | E86: 59 | F86: 59 | G86: 0.85507246 | H86: 57 | I86: 0.82608696 | J86: 37 | K86: 0.53623188 | L86: 不含AInavi
A87: 手车互联 | B87: 8 | C87: 8 | D87: 8 | E87: 0 | F87: 0 | G87: 0 | H87: 0 | I87: 0 | J87: 0 | K87: 0
A88: 通用 | B88: 3 | C88: 3 | D88: 3 | E88: 3 | F88: 2 | G88: 0.66666667 | H88: 2 | I88: 0.66666667 | J88: 0 | K88: 0
B89: 734 | C89: 708 | D89: 696 | E89: 664 | F89: 648 | G89: 0.91525424 | H89: 594 | I89: 0.83898305 | J89: 468 | K89: 0.66101695
A90: 端状态信号 | B90: 391 | C90: 241 | D90: 236 | E90: 208 | F90: 208 | G90: 0.86307054 | H90: 188 | I90: 0.78008299 | J90: 153 | K90: 0.63485477 | L90: 字节侧依赖： 1、阅读灯+系统和设置相关的信号共9个，依赖P基线的实车。 2、道路导航相关的，拥堵、沿途服务区，相关的API待上汽提供 3、媒体播放2个，演员+导演名字，验证不通过； 4、智驾相关的，当前不具备验证条件； 无依赖进展： 1、道路导航相关的正在开发； 2、较多的异常信号，实车没有对应的信号block测试（47）；除去block通过率在：73%左右。
A92: ·0624
A93: 模块\API（04.29变更前） | B93: 总api数 | C93: 本项目使用api数 | D93: 上汽已提供api数 | E93: 研发确认可用api数 | F93: 研发完成api数 | G93: 研发完成度 | H93: 测试覆盖api数 | I93: 测试执行完成度 | J93: 测试通过case数 | K93: case通过完成度 | L93: 备注
A94: 车控 | B94: 409 | C94: 402 | D94: 402 | E94: 389 | F94: 381 | G94: 0.94776119 | H94: 357 | I94: 0.8880597 | J94: 285 | K94: 0.70895522
A95: 系统设置 | B95: 126 | C95: 111 | D95: 106 | E95: 86 | F95: 82 | G95: 0.73873874 | H95: 79 | I95: 0.71171171 | J95: 68 | K95: 0.61261261
A96: 通讯 | B96: 26 | C96: 26 | D96: 24 | E96: 24 | F96: 23 | G96: 0.88461538 | H96: 23 | I96: 0.88461538 | J96: 21 | K96: 0.80769231
A97: 智能驾驶 | B97: 12 | C97: 12 | D97: 7 | E97: 5 | F97: 4 | G97: 0.33333333 | H97: 1 | I97: 0.083333333 | J97: 1 | K97: 0.083333333
A98: 多媒体 | B98: 81 | C98: 80 | D98: 80 | E98: 79 | F98: 78 | G98: 0.975 | H98: 75 | I98: 0.9375 | J98: 56 | K98: 0.7
A99: 地图导航 | B99: 69 | C99: 69 | D99: 69 | E99: 59 | F99: 59 | G99: 0.85507246 | H99: 57 | I99: 0.82608696 | J99: 37 | K99: 0.53623188 | L99: 不含AInavi
A100: 手车互联 | B100: 8 | C100: 8 | D100: 8 | E100: 0 | F100: 0 | G100: 0 | H100: 0 | I100: 0 | J100: 0 | K100: 0
A101: 通用 | B101: 3 | C101: 3 | D101: 3 | E101: 3 | F101: 2 | G101: 0.66666667 | H101: 2 | I101: 0.66666667 | J101: 0 | K101: 0
B102: 734 | C102: 711 | D102: 699 | E102: 645 | F102: 629 | G102: 0.88466948 | H102: 594 | I102: 0.83544304 | J102: 468 | K102: 0.65822785
A103: 端状态信号 | B103: 391 | C103: 241 | D103: 236 | E103: 208 | F103: 208 | G103: 0.86307054 | H103: 188 | I103: 0.78008299 | J103: 153 | K103: 0.63485477 | L103: 字节侧依赖： 1、阅读灯+系统和设置相关的信号共9个，依赖P基线的实车。 2、道路导航相关的，拥堵、沿途服务区，相关的API待上汽提供 3、媒体播放2个，演员+导演名字，验证不通过； 4、智驾相关的，当前不具备验证条件； 无依赖进展： 1、道路导航相关的正在开发； 2、较多的异常信号，实车没有对应的信号block测试（47）；除去block通过率在：73%左右。
A105: ·0623 | Y105: 车控 | Z105: 后排吸顶屏 | AA105: 刘敬思
A106: 模块\API（04.29变更前） | B106: 总api数 | C106: 本项目使用api数 | D106: 上汽已提供api数 | E106: 研发确认可用api数 | F106: 研发完成api数 | G106: 研发完成度 | H106: 测试覆盖api数 | I106: 测试执行完成度 | J106: 测试通过case数 | K106: case通过完成度 | L106: 备注 | Y106: 车控 | Z106: 驾驶模式 | AA106: 刘敬思
A107: 车控 | B107: 409 | C107: 402 | D107: 402 | E107: 388 | F107: 381 | G107: 0.94776119 | H107: 357 | I107: 0.8880597 | J107: 285 | K107: 0.70895522 | Y107: 车控 | Z107: 驾驶设置 | AA107: 尹泽陆
A108: 系统设置 | B108: 126 | C108: 111 | D108: 106 | E108: 86 | F108: 82 | G108: 0.73873874 | H108: 79 | I108: 0.71171171 | J108: 68 | K108: 0.61261261 | Y108: 车控 | Z108: 摄像头相关 | AA108: 杨忠谕
...

Sheet 车控车设进展汇总
A1: 模块\API（04.29变更前） | B1: 总api数 | C1: 本项目使用api数 | D1: 上汽已提供api数 | E1: 研发确认可用api数 | F1: 研发完成api数 | G1: 研发完成度 | H1: 测试覆盖api数 | I1: 测试执行完成度 | J1: 测试通过case数 | K1: case通过完成度 | L1: 备注 | M1: 上汽未提供 | N1: 研发确认中 | O1: 研发执行中 | P1: 测试执行中 | Q1: bug修复中
A2: 车控 | B2: =SUMIF('【对接进度说明】'!APNaN:APNaN,A2,'【对接进度说明】'!DNaN:DNaN) | C2: =SUMIF('【对接进度说明】'!APNaN:APNaN,A2,'【对接进度说明】'!ENaN:ENaN) | D2: =SUMIF('【对接进度说明】'!APNaN:APNaN,A2,'【对接进度说明】'!GNaN:GNaN) | E2: =SUMIF('【对接进度说明】'!APNaN:APNaN,A2,'【对接进度说明】'!INaN:INaN) | F2: =SUMIF('【对接进度说明】'!APNaN:APNaN,A2,'【对接进度说明】'!TNaN:TNaN) | G2: =F2/C2 | H2: 367 | I2: =H2/C2 | J2: =SUMIF('【对接进度说明】'!APNaN:APNaN,A2,'【对接进度说明】'!AINaN:AINaN) | K2: =J2/C2 | M2: =C2-D2 | N2: =D2-E2 | O2: =E2-F2 | P2: =F2-H2 | Q2: =H2-J2
A3: 系统设置 | B3: =SUMIF('【对接进度说明】'!APNaN:APNaN,A3,'【对接进度说明】'!DNaN:DNaN) | C3: =SUMIF('【对接进度说明】'!APNaN:APNaN,A3,'【对接进度说明】'!ENaN:ENaN) | D3: =SUMIF('【对接进度说明】'!APNaN:APNaN,A3,'【对接进度说明】'!GNaN:GNaN) | E3: =SUMIF('【对接进度说明】'!APNaN:APNaN,A3,'【对接进度说明】'!INaN:INaN) | F3: =SUMIF('【对接进度说明】'!APNaN:APNaN,A3,'【对接进度说明】'!TNaN:TNaN) | G3: =F3/C3 | H3: 79 | I3: =H3/C3 | J3: =SUMIF('【对接进度说明】'!APNaN:APNaN,A3,'【对接进度说明】'!AINaN:AINaN) | K3: =J3/C3 | M3: =C3-D3 | N3: =D3-E3 | O3: =E3-F3 | P3: =F3-H3 | Q3: =H3-J3
A4: 通讯 | B4: =SUMIF('【对接进度说明】'!APNaN:APNaN,A4,'【对接进度说明】'!DNaN:DNaN) | C4: =SUMIF('【对接进度说明】'!APNaN:APNaN,A4,'【对接进度说明】'!ENaN:ENaN) | D4: =SUMIF('【对接进度说明】'!APNaN:APNaN,A4,'【对接进度说明】'!GNaN:GNaN) | E4: =SUMIF('【对接进度说明】'!APNaN:APNaN,A4,'【对接进度说明】'!INaN:INaN) | F4: =SUMIF('【对接进度说明】'!APNaN:APNaN,A4,'【对接进度说明】'!TNaN:TNaN) | G4: =F4/C4 | H4: 24 | I4: =H4/C4 | J4: =SUMIF('【对接进度说明】'!APNaN:APNaN,A4,'【对接进度说明】'!AINaN:AINaN) | K4: =J4/C4 | M4: =C4-D4 | N4: =D4-E4 | O4: =E4-F4 | P4: =F4-H4 | Q4: =H4-J4
A5: 智能驾驶 | B5: =SUMIF('【对接进度说明】'!APNaN:APNaN,A5,'【对接进度说明】'!DNaN:DNaN) | C5: =SUMIF('【对接进度说明】'!APNaN:APNaN,A5,'【对接进度说明】'!ENaN:ENaN) | D5: =SUMIF('【对接进度说明】'!APNaN:APNaN,A5,'【对接进度说明】'!GNaN:GNaN) | E5: =SUMIF('【对接进度说明】'!APNaN:APNaN,A5,'【对接进度说明】'!INaN:INaN) | F5: =SUMIF('【对接进度说明】'!APNaN:APNaN,A5,'【对接进度说明】'!TNaN:TNaN) | G5: =F5/C5 | H5: 1 | I5: =H5/C5 | J5: =SUMIF('【对接进度说明】'!APNaN:APNaN,A5,'【对接进度说明】'!AINaN:AINaN) | K5: =J5/C5 | M5: =C5-D5 | N5: =D5-E5 | O5: =E5-F5 | P5: =F5-H5 | Q5: =H5-J5
A6: 多媒体 | B6: =SUMIF('【对接进度说明】'!APNaN:APNaN,A6,'【对接进度说明】'!DNaN:DNaN) | C6: =SUMIF('【对接进度说明】'!APNaN:APNaN,A6,'【对接进度说明】'!ENaN:ENaN) | D6: =SUMIF('【对接进度说明】'!APNaN:APNaN,A6,'【对接进度说明】'!GNaN:GNaN) | E6: =SUMIF('【对接进度说明】'!APNaN:APNaN,A6,'【对接进度说明】'!INaN:INaN) | F6: =SUMIF('【对接进度说明】'!APNaN:APNaN,A6,'【对接进度说明】'!TNaN:TNaN) | G6: =F6/C6 | H6: 75 | I6: =H6/C6 | J6: =SUMIF('【对接进度说明】'!APNaN:APNaN,A6,'【对接进度说明】'!AINaN:AINaN) | K6: =J6/C6 | M6: =C6-D6 | N6: =D6-E6 | O6: =E6-F6 | P6: =F6-H6 | Q6: =H6-J6
A7: 地图导航 | B7: 69 | C7: 69 | D7: 69 | E7: 59 | F7: 59 | G7: =F7/C7 | H7: 61 | I7: =H7/C7 | J7: 37 | K7: =J7/C7 | L7: 不含AInavi | M7: =C7-D7 | N7: =D7-E7 | O7: =E7-F7 | P7: =F7-H7 | Q7: =H7-J7
A8: 手车互联 | B8: =SUMIF('【对接进度说明】'!APNaN:APNaN,A8,'【对接进度说明】'!DNaN:DNaN) | C8: =SUMIF('【对接进度说明】'!APNaN:APNaN,A8,'【对接进度说明】'!ENaN:ENaN) | D8: =SUMIF('【对接进度说明】'!APNaN:APNaN,A8,'【对接进度说明】'!GNaN:GNaN) | E8: =SUMIF('【对接进度说明】'!APNaN:APNaN,A8,'【对接进度说明】'!INaN:INaN) | F8: =SUMIF('【对接进度说明】'!APNaN:APNaN,A8,'【对接进度说明】'!TNaN:TNaN) | G8: =F8/C8 | H8: 0 | I8: =H8/C8 | J8: =SUMIF('【对接进度说明】'!APNaN:APNaN,A8,'【对接进度说明】'!AINaN:AINaN) | K8: =J8/C8 | M8: =C8-D8 | N8: =D8-E8 | O8: =E8-F8 | P8: =F8-H8 | Q8: =H8-J8
A9: 通用 | B9: =SUMIF('【对接进度说明】'!APNaN:APNaN,A9,'【对接进度说明】'!DNaN:DNaN) | C9: =SUMIF('【对接进度说明】'!APNaN:APNaN,A9,'【对接进度说明】'!ENaN:ENaN) | D9: =SUMIF('【对接进度说明】'!APNaN:APNaN,A9,'【对接进度说明】'!GNaN:GNaN) | E9: =SUMIF('【对接进度说明】'!APNaN:APNaN,A9,'【对接进度说明】'!INaN:INaN) | F9: =SUMIF('【对接进度说明】'!APNaN:APNaN,A9,'【对接进度说明】'!TNaN:TNaN) | G9: =F9/C9 | H9: 3 | I9: =H9/C9 | J9: =SUMIF('【对接进度说明】'!APNaN:APNaN,A9,'【对接进度说明】'!AINaN:AINaN) | K9: =J9/C9 | M9: =C9-D9 | N9: =D9-E9 | O9: =E9-F9 | P9: =F9-H9 | Q9: =H9-J9
B10: =SUM(B2:B9) | C10: =SUM(C2:C9) | D10: =SUM(D2:D9) | E10: =SUM(E2:E9) | F10: =SUM(F2:F9) | G10: =F10/C10 | H10: =SUM(H2:H9) | I10: =H10/C10 | J10: =SUM(J2:J9) | K10: =J10/C10
A11: 端状态信号 | B11: =IMPORTRANGE("https://bytedance.larkoffice.com/wiki/UcRRwKhTEi6by2ks5vNcjGdtnb9?from=from_copylink", "端状态进展汇总!B9") | C11: =IMPORTRANGE("https://bytedance.larkoffice.com/wiki/UcRRwKhTEi6by2ks5vNcjGdtnb9?from=from_copylink", "端状态进展汇总!C9") | D11: =IMPORTRANGE("https://bytedance.larkoffice.com/wiki/UcRRwKhTEi6by2ks5vNcjGdtnb9?from=from_copylink", "端状态进展汇总!D9") | E11: =IMPORTRANGE("https://bytedance.larkoffice.com/wiki/UcRRwKhTEi6by2ks5vNcjGdtnb9?from=from_copylink", "端状态进展汇总!E9") | F11: =IMPORTRANGE("https://bytedance.larkoffice.com/wiki/UcRRwKhTEi6by2ks5vNcjGdtnb9?from=from_copylink", "端状态进展汇总!G9") | G11: =F11/C11 | H11: =IMPORTRANGE("https://bytedance.larkoffice.com/wiki/UcRRwKhTEi6by2ks5vNcjGdtnb9?from=from_copylink", "端状态进展汇总!I9") | I11: =H11/C11 | J11: =IMPORTRANGE("https://bytedance.larkoffice.com/wiki/UcRRwKhTEi6by2ks5vNcjGdtnb9?from=from_copylink", "端状态进展汇总!K9") | K11: =IMPORTRANGE("https://bytedance.larkoffice.com/wiki/UcRRwKhTEi6by2ks5vNcjGdtnb9?from=from_copylink", "端状态进展汇总!M9") | L11: =IMPORTRANGE("https://bytedance.larkoffice.com/wiki/UcRRwKhTEi6by2ks5vNcjGdtnb9?from=from_copylink", "端状态进展汇总!N9")

Sheet 【对接进度说明】
A1: 模块 | B1: 功能名称 | C1: 状态@方令平 | D1: API总数 @方令平 | E1: 本车使用API数 | F1: [API]支持比例@周怀君 | G1: [API]已支持@周怀君 | H1: [API]待支持@周怀君 | I1: 字节识别接口可用数量@汪帅 | J1: 上汽API可用率@汪帅 | K1: [API]已提供的API状态备注@汪帅 详见各sheet页D列 | L1: 负责人 | M1: 【API】解决计划 | N1: [API]解决计划详情 | O1: [实车]支持状态 按HMI点检@方令平 （百分比） | P1: [实车]支持状态 （已支持） | Q1: [实车]支持状态 （待支持） | R1: [实车]支持状态备注 | S1: [实车]支持计划 | T1: 已对接API数量@汪帅 | U1: 字节对接进度@汪帅 （按功能总条数） （百分比） | V1: 字节对接进度 （按总数量） （待完成） | W1: 优先级 | X1: PRD进展 | Y1: 完成计划 | Z1: 主开发 （service逻辑+上汽原子能力） | AA1: 备开发 （单纯的其他项目原子能力） | AB1: 测试进度（已测试case数/测试case总数） @赵晓健 （百分比） | AC1: 测试进度（按[实车】支持状态） （已测试） | AD1: 测试进度（按总数量） （待测试） | AE1: 测试通过率（测试通过case数/已测试case数） （百分比） | AF1: 测试通过case数 | AG1: 已测试case数 | AH1: 测试case总数 | AI1: 已测试通过case数 （已通过） | AJ1: 尚未通过case（按总数） | AK1: 尚未通过case （按已测试） | AL1: 测试负责方 前提：双方拉齐测试用例 | AM1: Bug链接 | AP1: 模块 | AQ1: 总case数-api数 | AR1: 需确认项 | AU1: 双方联合走查计划 | AV1: 顺序
A2: 车控 | B2: 车窗 | C2: 已完成 | D2: 26 | E2: 26 | F2: =G2/E2 | G2: 26 | H2: =E2-G2 | I2: 26 | J2: =I2/E2 | K2: 打开/关闭车窗API（涉及百分比）待上汽排查定位。 4.27 等待fc,逻辑完成待上车模拟自测 5.06 雨天自动锁窗广播自测成功；实车FC没有下发；没有豆包话术编号 0515.等待产品添加车窗锁端状态 0601 “后排车窗锁”端状态的询问有问题，已转服务端，待服务端更新剩余bug在服务端余昭志，余明明在推 0603 余明明：需要服务端增加对应的端状态，已联系吴仁杰，暂未反馈预计完成时间 0608 余明明在内部群追吴仁杰，等反馈 0703/0710 3个❌ | N2: 计划软件3.0.9版本在03.13释放。 @刘敬思待刷新后自测验证。 | O2: =P2/E2 | P2: 26 | T2: 26 | U2: =T2/E2 | V2: =E2-T2 | W2: P0 | X2: ✅ | Y2: 01.30 4.30 广播自测成功；等待豆包话术编号 | Z2: @余明明 | AA2: @谢一鸣 | AB2: =AG2/AH2 | AC2: =AG2 | AD2: =E2-AC2 | AE2: =AF2/AG2 | AF2: =COUNTIFS('车控'!Q2:Q27,"✅") | AG2: =COUNTIFS('车控'!Q2:Q27,"✅")+COUNTIFS('车控'!Q2:Q27,"❌")+COUNTIFS('车控'!Q2:Q27,"Block") | AH2: 26 | AI2: =AF2 | AJ2: =AH2-AF2 | AK2: =AG2-AF2 | AL2: 字节-刘晓帝 FAIL | AM2: https://bytedance.larkoffice.com/record/Vb0Gr6YEsepy2KcSTSLc75qLnEn https://bytedance.larkoffice.com/record/MN77rcf6gefUwJctnRccuF3Sn5T https://bytedance.larkoffice.com/record/AzY6rotxkePY81crMwrcvcyvnbh https://bytedance.larkoffice.com/record/VB44rLlpKeIb2Pcivepc41KynKb https://bytedance.larkoffice.com/record/FMNkrsBeYegmewctbwccoPlin6g https://bytedance.larkoffice.com/record/KXhfr89CLeRIfvcnTpxcRWS8n7e https://bytedance.larkoffice.com/record/NE0crAOPheNvrsc2OFacZ5hOnoh https://bytedance.larkoffice.com/record/UqyPriTOceQPk2cK286cUiD1niC | AN2: 雨天自动关窗的2个控制无效 | AP2: 车控 | AQ2: =AH2-E2 | AU2: 周二 | AV2: 7
B3: 空调 | C3: 【火山】待问题修复 | D3: 63 | E3: 63 | F3: =G3/E3 | G3: 63 | H3: 0 | I3: 63 | J3: =I3/E3 | K3: ①查询车内空气质量，不支持； ②查询车外温度，一直是-40°； ③控制空调经济模式，不支持； ④控制智能空调，不支持； ⑤控制空气自干燥除味功能，不支持； ⑥控制后排屏空调锁定，不支持； ⑦控制智能除雾，不支持。 04.02： 实车空调支持最大值HI最小值LOW，目前温度调节数值范围是16～30，HI和LOW是否有单独的接口 @guixiang ZoneAPI不支持的，详见车控sheet页。 04.15：@左晨&@赵明珠，对齐标灰或删除线的控制内容的支持方式。 04.20：不支持的部分tts兜底 0528 怀君给了最下面6个（打开 / 关闭智能空调 、打开 / 关闭智能空调、打开/关闭新风、打开/关闭智能送风、打开/关闭智能温区、打开/关闭智能新风）待开发确认api是否可用 @赵明珠：接口已提供，实车目前不支持测试。/ @方令平 解决实车阻碍 0602 令平反馈找上汽陈科解决，待整理所有实车不支持问题再飞书群找陈科 0603 赵明珠：怀君说p基线才有（p基线预计本周内上），开发本周完成 0622 真车排队 0622:实车未找到新风送风功能，HML上按钮回弹 ，智能新风、温区按钮回弹 0625:按钮回弹问题已反馈桂祥，新风、送风功能已找到 0629、0701 6个待明珠验证。 0703 6个待明珠验证。6个0625❌ 0706:新风、智能送风、智能温区、智能新风、智能空调。FC下发错误已转给云端解决 0708 fc下发错误已提meego bug给泽民/泽民反馈预计今天动态示例解决，已通知明珠0709发版后验一下 0709: FC自测验证通过，智能送风HMI按钮回弹：http://jira.z-onesoftware.com:8080/browse/DNA-3017 | N3: 1.未收到产品需求； 2.API就绪，车辆传感器待配置； 3.未收到产品需求； 4.未收到产品需求； 5.PPV版本已支持，待提供API； 6.未收到产品需求； 7.PPV版本已支持，待提供API； 补充API见最后一列。 剩余是AI智能空调，P阶段新增需求，排期P基线 5/15:P基线SOA信号延期释放，推迟到5/21提供给字节 0527: 0526提供的api，预计开发完成；@赵明珠 | O3: =P3/E3 | P3: 63 | Q3: =E3-P3 | T3: 63 | U3: =T3/E3 | V3: =E3-T3 | W3: P0 | X3: ✅ | Y3: 06.05 | Z3: @赵明珠 | AA3: @尹泽陆 @康楷朋 | AB3: =AG3/AH3 | AC3: =AG3 | AD3: =E3-AC3 | AE3: =AF3/AG3 | AF3: =COUNTIFS('车控'!Q28:Q92,"✅") | AG3: =COUNTIFS('车控'!Q28:Q92,"✅")+COUNTIFS('车控'!Q28:Q92,"❌")+COUNTIFS('车控'!Q28:Q92,"Block") | AH3: 63 | AI3: =AF3 | AJ3: =AH3-AF3 | AK3: =AG3-AF3 | AL3: 字节-郑永超 FAIL | AM3: https://bytedance.larkoffice.com/record/KnFHrPKMpeoDRAcRH8hcBqxmn1d https://bytedance.larkoffice.com/record/Qh7hrPWWHeDAnycQXOIcrLO1nDe https://bytedance.larkoffice.com/record/OM5UrIwISeUlOpcv9xyceywKnWg https://bytedance.larkoffice.com/record/Uo2yrneFcel0qIcSomxceYHPnQe | AP3: 车控 | AQ3: =AH3-E3 | AR3: @赵明珠 上汽新接口确认结果，确认协议满足哪几个api、预计开发接api完成时间？以及bug修复进度？- | AS3: 接口已提供，实车目前不支持测试 | AU3: 周二 | AV3: 2
B4: 电动出风口 | C4: 已完成 | D4: 17 | E4: 17 | F4: =G4/E4 | G4: 17 | H4: =E4-G4 | I4: 17 | J4: =I4/E4 | K4: 车控SDK API就绪并已完成对接。 04.15：@左晨&@赵明珠，对齐标灰或删除线的控制内容的支持方式。 04.20：电动出风口今天收尾-> 已处理 0622 研发名下无bug 0624 1个api（关闭前排出风口）测试❌ 0703/0710 1个❌ | O4: =P4/E4 | P4: 17 | Q4: =E4-P4 | T4: 17 | U4: =T4/E4 | V4: =E4-T4 | W4: P0 | X4: ✅ | Y4: 01.30 | Z4: @赵明珠 | AA4: @康楷朋 | AB4: =AG4/AH4 | AC4: =AG4 | AD4: =E4-AC4 | AE4: =AF4/AG4 | AF4: =COUNTIFS('车控'!Q93:Q109,"✅") | AG4: =COUNTIFS('车控'!Q93:Q109,"✅")+COUNTIFS('车控'!Q93:Q109,"❌")+COUNTIFS('车控'!Q93:Q109,"Block") | AH4: 17 | AI4: =AF4 | AJ4: =AH4-AF4 | AK4: =AG4-AF4 | AL4: 字节-刘晓帝 FAIL | AM4: https://bytedance.larkoffice.com/record/VsbRraKTyegy8YcLdjZcp1abnob https://bytedance.larkoffice.com/record/VEiDr6L8jezHKJcZ5TmceZvXnSc https://bytedance.larkoffice.com/record/Ij7zr88xreqmYOcIkTqc0sm9nph https://bytedance.larkoffice.com/record/UwCurdeOLeChIHcMZuqczaOrnmf https://bytedance.larkoffice.com/record/VXwrr4JmWehHtJcf0tNczlcynne https://bytedance.larkoffice.com/record/DVFSrabxDeQWbwcoq2rcaGchnfh https://bytedance.larkoffice.com/record/Clx5r1gvaeQpddcPCoVc7zq1nKb https://bytedance.larkoffice.com/record/CaiNreLVueitpDc6sjGcM4lknkc | AP4: 车控 | AQ4: =AH4-E4 | AR4: @刘晓帝本车无此功能和本车有此功能但走兜底，是否需要测？进度表里总case是13个，模块表里4个删除线api都划掉了，这4个是否已测且通过？-已完成
B5: 座椅 | C5: 【火山】待问题修复 | D5: 39 | E5: 39 | F5: =G5/E5 | G5: 39 | H5: =E5-G5 | I5: 39 | J5: =I5/E5 | K5: 1. 打开/关闭座椅页面接口仍然缺失； 2.座椅/座垫/腰托/腿托的位置调节，参数不太明确，参数3的SeatConstants.SeatAdjustStatus没有太看明白，如果我想要调节到30%这种如何转换呢，就是没有看到具体的位置的值或者档位。 /** * 座椅位置设置(百分比设置) * PermissionRequest(permissions = { zone.permission.vehicle.SEAT_SET }) * @param seatType 设置值 {@link SeatType} * @param direction 设置值 {@link SeatDirection} * @param position 设置值 0～255 * @return resultCode 返回结果码 {@link ResultCode} */ int setSeatAdjustmentPosition(@SeatType int seatType, @SeatDirection int direction, int position); SEAT_ADJUSTMENT_POSITION FLAG 3.SDK内缺方向盘加热控制的API 座椅腰托调节ZoneAPI不支持。 04.15：@左晨产品确认腰托支持内容。-》答复：腰托不支持极限值调节，可支持上/下/前/后调节。 04.20：确定最终腰托量产的一个方案 4.22 上汽~ 腰托极值开发完毕，返回正常实际没执行，抓了日志待上汽排查； 字节~腿拖FC云端没下发，请客户端和服务端排查 05.19 请上汽明确腰托实际未执行的bug状态 负责人：上汽邵凯 上汽bug单dna-674 0601 邵凯反馈：整车基线刷成p基线的就可以正常了 0622 真车排队 0624 1个api（腰托）开发“空”，5个api测试❌ 0703 7个0625❌，1个0703刚提测❌ 0706 7个0625❌ 0710 1个❌ | N5: 1.已提供打开指令。private val VOICE_CLOSE_SEAT_SCENE = "com.zone.hmi.hvac.service.voice_close_seat_scene" 2.PP版本提供具体调节值的API： 需要在PP基线4.0.3版本进行验证；接口sdk和服务已提供（车控的） 3.车控表格中已提供API说明，但当前版本SDK没有，@陈果果需找杨方舟更新。 03.06： D列有未识别API状态的内容，请@周怀君协调确认更新； 03.10：语音模块负责 | O5: =P5/E5 | P5: 39 | Q5: =E5-P5 | R5: 实车不支持座椅电控 | S5: 4月初，更新IS4PR PPV1车辆。 | T5: 39 | U5: =T5/E5 | V5: =E5-T5 | W5: P0 | X5: ✅ | Y5: 待问题修复 | Z5: @陈果果 | AA5: @杨忠谕 | AB5: =AG5/AH5 | AC5: =AG5 | AD5: =E5-AC5 | AE5: =AF5/AG5 | AF5: =COUNTIFS('车控'!Q110:Q148,"✅") | AG5: =COUNTIFS('车控'!Q110:Q148,"✅")+COUNTIFS('车控'!Q110:Q148,"❌")+COUNTIFS('车控'!Q110:Q148,"Block") | AH5: 39 | AI5: =AF5 | AJ5: =AH5-AF5 | AK5: =AG5-AF5 | AL5: 上汽 FAIL 字节-王东旭 FAIL | AM5: https://bytedance.larkoffice.com/record/KkR7rEx1ceYRFscJAcLcI6UqnNe https://bytedance.larkoffice.com/record/JxKbrjqiLeeTzlcZj5Xcu0hRnCs https://bytedance.larkoffice.com/record/FUSirxe3Bey3pVcsQPycCAvmnfg https://bytedance.larkoffice.com/record/FdIgrftsUeqKqNc2v1UcCDoWnFb https://bytedance.larkoffice.com/record/LVDBr985Ce8SlIcPUozcUVqTnkh https://bytedance.larkoffice.com/record/H0SKrLWNee8Qrzc48ILcPwAknYf https://bytedance.larkoffice.com/record/QIt4rQ3vBeofgPcpmUGc8dyOngb https://bytedance.larkoffice.com/record/OWyHrDOWLetv8jcV8u8c4IKfnae https://bytedance.larkoffice.com/record/Bc0orEI24efJtgcuUvgcHh6wnYb https://bytedance.larkoffice.com/record/WHmar4YrIe51dMco5l6ctZapnuh | AP5: 车控 | AQ5: =AH5-E5 | AR5: @陈果果 模块表研发进展39✅，进度表已接37，是否差模块表137和139两行？-只有一个137，腰托接口还有问题，之前填写进度表已接入应该是38 @陈果果@王东旭 除了腰托两条，其他测试进展❌的 bug修复进度？-挂头上的bug都已解决，不挂头上的依赖三方 | AU5: 周二 | AV5: 1
B6: 外后视镜 | C6: 【火山】待问题修复 | D6: 12 | E6: 12 | F6: =G6/E6 | G6: 12 | H6: =E6-G6 | I6: 12 | J6: =I6/E6 | K6: ①语音打开后视镜设置页面，不支持； ②语音控制外后视镜方向调节，不支持； ③语音控制外后视镜倒车下倾设置，不支持； ④语音控制外后视镜自动展开折叠设置，不支持。 8、倒车后视镜自动下倾，单侧都可以打开和关闭，但是同时打开和关闭双侧api接口返回状态成功，但是不执行 0703/0710 2个❌ 0721 一鸣反馈有两个内部fc的票 | L6: @王泽民 @宋丛丛 @谢一鸣 | M6: https://meego.larkoffice.com/telematics/issue/detail/7357105095?from=from_parent_docs&tabKey=detail#detail https://meego.larkoffice.com/telematics/issue/detail/7356996132?from=from_parent_docs&tabKey=detail#detail | N6: 8.上汽侧Bug票跟进。计划软件3.0.9版本释放。 03.10： @周怀君待更新ZXD 3.0.9版本早03.15释放。。 3.17 都已解决 | O6: =P6/E6 | P6: 12 | Q6: =E6-P6 | T6: 12 | U6: =T6/E6 | V6: =E6-T6 | W6: P0 | X6: ✅ | Y6: 02.28 | Z6: @谢一鸣 | AA6: @樊晓天 | AB6: =AG6/AH6 | AC6: =AG6 | AD6: =E6-AC6 | AE6: =AF6/AG6 | AF6: =COUNTIFS('车控'!Q149:Q160,"✅") | AG6: =COUNTIFS('车控'!Q149:Q160,"✅")+COUNTIFS('车控'!Q149:Q160,"❌")+COUNTIFS('车控'!Q149:Q160,"Block") | AH6: 12 | AI6: =AF6 | AJ6: =AH6-AF6 | AK6: =AG6-AF6 | AL6: 字节-刘晓帝 PASS | AP6: 车控 | AQ6: =AH6-E6
B7: 尾门 | C7: 【火山】产品功能待澄清 | D7: 13 | E7: 10 | F7: =G7/E7 | G7: 10 | H7: =E7-G7 | I7: 10 | J7: =I7/E7 | K7: 4、设置后备箱预设位置，错误码：3010015，权限问题： reqType: TAILGATE_POSITION ，permission:zone.permission.vehicle.DOOR_WINDOW_LOCK_SETnot Granted 。SUV 不存在该问题 5、打开后备箱，错误码：3010015，权限问题： reqType: TAILGATE_STATUS permission:zone.permission.vehicle.DOOR_WINDOW_LOCK_SETnot Granted 。SUV可以正常打开。 ~~~4&5，上汽提供降低权限的SDK用于集成，待提供给一鸣。Done。 6、后备箱实际位置和api获取到的位置不符合，实际位置一直显示未0 ,SUV 同样存在该问题获取到的位置不对 ~~~实车无此接口，车模有此接口。待评估适用性。 7、SUV 后备箱状态不对，实际是打开的，查询却是关闭的 9、后备箱预设值高度100，实际开启高度很低 （后备箱开启的角度和预设不一致） 04.20：与左晨沟通暂停来不及问题如何处理 =》产品回复先接口接入，实际测试再沟通 0528 @谢一鸣 3个api 卡实车验证 接口是否验证通过？ 卡实车 / @王东旭：实车不支持暂停和开合度调整block 6个api 163-168 /@方令平推进实车问题/0608 与怀君确认当前实车是否支持，等反馈 0610 4个api（暂停电尾门、暂停后备箱、继续打开、暂停关闭），一鸣反馈在实车验证时分析发现在尾门打开过程中发出暂停的语音指令，等fc返回时，尾门已全部打开/关闭，需产品确认后续如何解决/左晨反馈fc下发时效没那么快，无法在尾门执行完打开/关闭之前返回，目前时效只能这样了，已反馈给董晓颖 2个api（把电动尾门开合度调到 50%、电尾门开度设为 80%），一鸣反馈之前左晨对上汽接口理解有歧义，左晨更新逻辑后需要更改fc，已提工单给产品，工单recvlzKIaNyYlp/0617 婉婷已确认会加，预计1.8能上/0622 1.8已评审，待服务端、算法、测试排期/0623 预计0630前能上线 3个api（开启前备箱、关闭电动前备箱/关前备箱、暂停前备箱）实车没有前备箱 | L7: @左晨 | N7: 6&7&9，上汽建票SP部门支持。@周怀君待反馈时间。 03.06： *** 尾门相关API对接都依赖状态获取 *** 03.12： 上汽侧协调自学习后验证。 3.17： 怀君在16号晚上反馈可以验证，开发实测还是不行（自学习后状态未保存）。 3.18： 自学习后上大电失忆，fix在03.23。短期保证一次上下电稳定，提前学习。@谢一鸣明天验证，@邴岱一配合自学习状态就绪。 04.23： 169、170、171行接口已提供，但该功能依赖EV车型，待EV实车进行验证 | O7: =P7/E7 | P7: 10 | Q7: =E7-P7 | R7: 04.20 PPV1实车PHEV不支持前备箱。 | S7: EV车接口已支持，待配置实车后才能验证。 | T7: 6 | U7: =T7/E7 | V7: =E7-T7 | W7: P0 | X7: ✅ | Y7: 02.28：后备箱 04.28：前备箱 | Z7: @谢一鸣 | AA7: @樊晓天 | AB7: =AG7/AH7 | AC7: =AG7 | AD7: =E7-AC7 | AE7: =AF7/AG7 | AF7: =COUNTIFS('车控'!Q161:Q173,"✅") | AG7: =COUNTIFS('车控'!Q161:Q173,"✅")+COUNTIFS('车控'!Q161:Q173,"❌")+COUNTIFS('车控'!Q161:Q173,"Block") | AH7: 10 | AI7: =AF7 | AJ7: =AH7-AF7 | AK7: =AG7-AF7 | AL7: 字节-郑永超 FAIL（FAIL项目主要是实车调节高度目前因为开关太快导致无法验证） | AP7: 车控 | AQ7: =AH7-E7 | AR7: @王东旭 模块表里6个api测试block（进度表里显示5个case未通过，更新数据），原因？解决人是否已对接？何时解决？进度表里的总caes是否应改为13（目前双方确定了是13个api）？-实车不支持暂停和开合度调整
B8: 雨刮 | C8: 已完成 | D8: 8 | E8: 8 | F8: =G8/E8 | G8: 8 | H8: =E8-G8 | I8: 8 | J8: =I8/E8 | K8: ①雨刮维修模式开关（雨刷档位状态<上汽内部没接收此需求>、车档位状态、错误码不正确）； ②雨刮其他控制接口，不支持。 1、车档位：P档值为2，返回值为1与汽车实际档位不符合 2、雨刷档位（getFrtWiperMdSts）：OFF档位为：5，返回的值为：0，不管切换什么档位都为0。SUV问题同样存在 3、设置雨刷维修模式状态（setWipeRepairStatus）：返回错误码：3010015 , SUV 状态码正常但是没有执行 ~~~上汽反馈更新PRD，暂未更新反馈。 04.14：实车不支持雨刮 meego: https://meego.larkoffice.com/telematics/issue/detail/7088293062 04.20：处理雨刮bug单 =》bug单已处理 0527:待测试确认是否完成测试@赵晓健:0528完成 | N8: 1.已解决； 2.更新PRD； 3.在2的前提下再支持。 03.10：上汽@陈振英反馈本周更新PRD 03.13：上汽侧提供部分更新PRD。①依赖上汽PO梳理拆解变更项。②剩余待更新PRD预计03.18提供。整体更新PRD的澄清，预计周三/周四沟通。 03.19：双方PO澄清变更内容，PRD有更新，详见Sheet页。 | O8: =P8/E8 | P8: 8 | Q8: =E8-P8 | R8: 04.15： 前雨刮维修模式，HMI回弹，实际控制不生效。 04.21：实车验证fail，计划集成4.0.7软件版本验证应用层问题。 | T8: 8 | U8: =T8/E8 | V8: =E8-T8 | W8: P0 | X8: ✅ | Y8: 04.21 | Z8: @谢一鸣 | AA8: @余明明 | AB8: =AG8/AH8 | AC8: =AG8 | AD8: =E8-AC8 | AE8: =AF8/AG8 | AF8: =COUNTIFS('车控'!Q174:Q181,"✅") | AG8: =COUNTIFS('车控'!Q174:Q181,"✅")+COUNTIFS('车控'!Q174:Q181,"❌")+COUNTIFS('车控'!Q174:Q181,"Block") | AH8: 8 | AI8: =AF8 | AJ8: =AH8-AF8 | AK8: =AG8-AF8 | AL8: 上汽 PASS 字节-王东旭 FAIL | AM8: https://bytedance.larkoffice.com/record/Ibplr5HRueqYhncN6McceTUMnKe https://bytedance.larkoffice.com/record/KzAOrafdOeCnHacfiK6ckJ8unyf | AP8: 车控 | AQ8: =AH8-E8 | AR8: @王东旭 进度表100%通过率，模块表测试进展列数据更新一下-已完成
B9: 遮阳帘 | C9: 【火山】产品功能待澄清 | D9: 17 | E9: 17 | F9: =G9/E9 | G9: 17 | H9: =E9-G9 | I9: 17 | J9: =I9/E9 | K9: 进行中 3.31 步进调节、百分比调节接口暂不具备4.2换新接口自测中 4.3fc无下发,昭志排查 4.3UI及硬件都无反应，log已发，上汽说等新车来了再试，目前的车有问题 4.8后车不支持，前车支持 4.16： 遮阳帘前后排语音控制接口返回失败,上汽已起票。 04.20： 全部都阻塞在上汽接口处 04.21: 253实车遮阳帘时好时坏，上汽已经起票；254实车RZCU更新软件---待反馈时间@董晓颖 04:28 设置开合度api可用，获取开合度api始终是 1 。 05.19 待明确254实车RZCU软件更新时间； 待明确开合度状态值bug。 上汽负责人：杨方舟 05.21 275实车开合度状态值Bug，杨方舟明确要底软去排查 锁车自动关闭遮阳帘的api可以，FC暂时不下发 05.26 同21号问题依旧（问题影响的api是否是模块表里193、194、195三个api） 0602 遮阳帘有误差，最后会导致关闭不起来。 怀君转给晓颖跟进，等反馈 0608 @余明明 有问题的fc都有bug单 0610 产品新识别出一个api需要接，fc侧放在v1.5中上，扽v1.5上线后开发 0613 明明：FC下发正常，但接口不执行 0615 需与明明确认bug单recvlWElvhvatJ与剩下没好的api遮阳帘暂停没关系，具体情况如何（没有bug单） 0615 暂停功能自测ok提测 0622 研发名下无bug 0703 1个测试block，机械执行比语音快，暂停功能实现不来，与左晨确认是否与尾门同样问题的处理方法一致，待反馈/与尾门一样 | L9: @左晨 | N9: 遮阳帘初始化问题，已修复，待释放版本验证 04.24：验证通过，待字节确认 | O9: =P9/E9 | P9: 17 | Q9: =E9-P9 | R9: 实车无遮阳帘 04.08：PPV1实车暂不支持遮阳帘电动控制。不支持自测。 04.14：HMI支持遮阳帘控制，不支持暂停、不支持完全打开。 04.20：实车遮阳帘初始化错误，导致功能block，DNA-335票处理中。---待反馈排期@周怀君---计划集成4.0.7软件版本验证（测试：04.22-254刷了407没标定无法验证） | S9: 46134 | T9: 17 | U9: =T9/E9 | V9: =E9-T9 | W9: P1 | X9: ✅ | Y9: 04.28 | Z9: @余明明 | AA9: @杨忠谕 | AB9: =AG9/AH9 | AC9: =AG9 | AD9: =E9-AC9 | AE9: =AF9/AG9 | AF9: =COUNTIFS('车控'!Q182:Q198,"✅") | AG9: =COUNTIFS('车控'!Q182:Q198,"✅")+COUNTIFS('车控'!Q182:Q198,"❌")+COUNTIFS('车控'!Q182:Q198,"Block") | AH9: 16 | AI9: =AF9 | AJ9: =AH9-AF9 | AK9: =AG9-AF9 | AL9: 字节-刘晓帝 | AM9: https://bytedance.larkoffice.com/record/GdW4rvUqjeG1AdcYoUtcdpYwnph https://bytedance.larkoffice.com/record/ON1prVSuKeU1TYcsLHpcu3Txnlg | AP9: 车控 | AQ9: =AH9-E9 | AR9: @王东旭 当前遇到的问题影响的api是否是模块表里193、194、195三个？如果不是，请更新数据-是
B10: 门锁 | C10: 已完成 | D10: 5 | E10: 5 | F10: =G10/E10 | G10: 3 | H10: =E10-G10 | I10: 5 | J10: =I10/E10 | K10: sdk调用时好时不好bug 3.191门锁： 1.1fc下发有时正确有时相反问题已反馈需求 待解决 1.2门锁调用接口参数按给的参数定义写的，还是有时正确有时相反问题需要查看log排查一下 3.20 1.1fc下发有时正确有时相反问题已反馈 左晨说测试提测给算法 1.2门锁调用接口参数按给的参数定义写的，还是有时正确有时相反问题需上汽查看log排查一下 fc下发一会正常一会相反，需要算法测修改4.13fc下发问题，UI无响应硬件无响应 4.14UI无响应无法点击4.16开锁UI无响应 04.16: @赵明珠车门状态返回信号存在问题，位置数值对不上，确认是否有开度值，目前只有开关 => 04.20：待抓日志上汽排查---04.21 按照门的透传值来开发 上汽吴佳军。 04.16: @赵明珠实车是否支持儿童锁 => 04.20：字节需要端状态上汽接口不支持，这个上汽不支持 04.16：@刘敬思语音控制开锁异常，待上汽反馈。 04.20：@刘敬思反馈预解决日期4.21待上汽解决bug 04.21：语音SDK调用“中控锁解锁”，待上汽起票推进解决。@周怀君4.22门锁已修复 04.24：剩余2条儿童锁，该车型不支持 0507:字节：上锁可以，解锁云端拒识 05.19：@刘敬思自测下儿童锁兜底话术 05.26：FC没下发导致端侧兜底话术没执行，确认云端话术是否符合预期。待关闭。 5.27: 测试复测验证；@赵晓健@刘晓帝 0615、0622 开发都提测了并且开发名下没有bug，3个测试❌需要与测试同事王东旭确认bug | N10: 待上汽排查 3.191门锁： 1.1fc下发有时正确有时相反问题已反馈需求 待解决 1.2门锁调用接口参数按您给的参数定义写的，还是有时正确有时相反问题需要查看log排查一下 | O10: =P10/E10 | P10: 5 | Q10: =E10-P10 | R10: 04.09：HMI设置回弹。 04.14：中控锁解锁/闭锁，HMI页面不可点击。 04:16：前置需要关闭所有车门，HMI也点击可以 | T10: 5 | U10: =T10/E10 | V10: =E10-T10 | W10: P0 | X10: ✅ | Y10: 4.22 | Z10: @高宇新 | AA10: @余明明 | AB10: =AG10/AH10 | AC10: =AG10 | AD10: =E10-AC10 | AE10: =AF10/AG10 | AF10: =COUNTIFS('车控'!Q204:Q208,"✅") | AG10: =COUNTIFS('车控'!Q204:Q208,"✅")+COUNTIFS('车控'!Q204:Q208,"❌")+COUNTIFS('车控'!Q204:Q208,"Block") | AH10: 5 | AI10: =AF10 | AJ10: =AH10-AF10 | AK10: =AG10-AF10 | AL10: 字节-刘晓帝 FAIL | AM10: https://bytedance.larkoffice.com/record/ErB9rNnnIehfw2cOIOmcx3xSnMg https://bytedance.larkoffice.com/record/RxrZrOYkhecH9EcZ7XycWzhSnGg https://bytedance.larkoffice.com/record/Iyywrgsh2eQA08cSItScxKQCnzh | AP10: 车控 | AQ10: =AH10-E10 | AR10: @王东旭进度表总case10，是否覆盖儿童锁2api？整个门锁的测试进展更新模块表（目前是3❌2block）-已完成
B11: 充电管理 | C11: 已完成 | D11: 4 | E11: 4 | F11: =G11/E11 | G11: 1 | H11: =E11-G11 | I11: 1 | J11: =I11/E11 | K11: 04.09、4.10：语音控制充电门，接口控制失效。上汽tanzhongzhou反馈接口不支持。 04.20:@陈果果与产品和上汽沟通最终充电小门的状态 04.23：不支持的功能，TTS兜底回复。已开发完毕，待自测 0528:确认最终只有一个API，其它不支持。 走兜底的话，在模块表里的研发进展里如何标记，需要大家统一 0615、0622开发已提测且名下无bug，需要与测试郑永超确认bug | N11: 该车型不支持 充电小门2条，需求确认不支持语音控制 加油小门1条，需求确认不支持语音控制关闭 待上汽产品更新PRD输入。 | O11: =P11/E11 | P11: 1 | Q11: =E11-P11 | R11: 04.15：实车不支持充电口电控打开/关闭。 | S11: 该车型不支持，需产品更新PRD | T11: 4 | U11: =T11/E11 | V11: 0 | W11: P1 | X11: ✅ | Y11: 4.21 当前开发完毕待验证了 | Z11: @陈果果 | AA11: @尹泽陆 | AB11: =AG11/AH11 | AC11: =AG11 | AD11: =E11-AC11 | AE11: =AF11/AG11 | AF11: =COUNTIFS('车控'!Q209:Q212,"✅") | AG11: =COUNTIFS('车控'!Q209:Q212,"✅")+COUNTIFS('车控'!Q209:Q212,"❌")+COUNTIFS('车控'!Q209:Q212,"Block") | AH11: 4 | AI11: =AF11 | AJ11: =AH11-AF11 | AK11: =AG11-AF11 | AL11: 字节-刘晓帝 FAIL | AM11: https://bytedance.larkoffice.com/record/B85brTuOieXghzct3MRcdy8dnFb https://bytedance.larkoffice.com/record/EX65rvfNmePZEbcDBZpcHXG1nrh | AP11: 车控 | AQ11: =AH11-E11 | AR11: @陈果果 进度表接api是1，模块表里研发进展1✅，研发备注4✅，实际是接了哪几个？上汽填n的3个api有两个写接口不支持、一个写接口状态返回成功，但是实际未执行，是本车无此功能吗？-充电口盖不支持，加油口盖关闭不支持，不支持的统一使用NLG话术兜底 @郑永超 进度表总case4，是否覆盖了4个api？-已完成
B12: 冰箱 | C12: 已完成 | D12: 50 | E12: 50 | F12: =G12/E12 | G12: 50 | H12: =E12-G12 | I12: 50 | J12: =I12/E12 | K12: 04.09、4.10： 上汽：打开 / 关闭冰箱设置页面； 字节：云端不下发：冰箱离车工作时长设置、冰箱离车工作周期设置、冰箱上电自动开启开关、冰箱制冰脱冰开关、冰箱遗留物品检测开关、冰箱净味杀菌开关FC问题待修复 -- 字节。 05.19：@杨忠谕验证下制冰 脱冰功能，验证失败hmi点击无反应，以提供日志给上汽，反馈需要底软排查。 05.26：待跟踪上汽底软问题修复 0611 上汽反馈需要刷冰箱版本，今日刷了275，明日刷254和319 0615 上汽接口已ok，争取0616提测/0622 已开发完，真车排队自测:自测通过/0629 客户端已提测/0630制冰脱冰测试已通过 0703 8个0627❌ | O12: =P12/E12 | P12: 50 | Q12: =E12-P12 | T12: 50 | U12: =T12/E12 | V12: =E12-T12 | W12: P0 | X12: ✅ | Y12: 05.04 | Z12: @杨忠谕 | AA12: @谢一鸣 | AB12: =AG12/AH12 | AC12: =AG12 | AD12: =E12-AC12 | AE12: =AF12/AG12 | AF12: =COUNTIFS('车控'!Q213:Q262,"✅") | AG12: =COUNTIFS('车控'!Q213:Q262,"✅")+COUNTIFS('车控'!Q213:Q262,"❌")+COUNTIFS('车控'!Q213:Q262,"Block") | AH12: 50 | AI12: =AF12 | AJ12: =AH12-AF12 | AK12: =AG12-AF12 | AL12: 字节-郑永超 FAIL（基于研发自测进度，fail项目主要是TTS播报错误） | AM12: https://bytedance.larkoffice.com/record/GP1Rr90c2enYeHcUmYoc8B9enbb https://bytedance.larkoffice.com/record/VJyCr8977eSziIcE43OcjB6lnyd https://bytedance.larkoffice.com/record/WJ8vr2RzOeMAOecBxq6c5Kjknxb https://bytedance.larkoffice.com/record/YC7PrLFt0eETL5coKrBccV2un27 https://bytedance.larkoffice.com/record/D7ggrwtCledBrIcYQYlcpyRhnDd | AP12: 车控 | AQ12: =AH12-E12 | AR12: @杨忠谕@郑永超 模块表里已接api测试进展❌的api的修复进度？-已完成 | AU12: 周二 | AV12: 3
B13: 晕动舒缓显示 | C13: 已完成 | D13: 9 | E13: 9 | F13: =G13/E13 | G13: 9 | H13: =E13-G13 | I13: 9 | J13: =I13/E13 | K13: 4.10 字节：fc不支持 4.27 等待自测 5.06 广播自测成功；实车FC没有下发 | O13: =P13/E13 | P13: 9 | Q13: =E13-P13 | T13: 9 | U13: =T13/E13 | V13: =E13-T13 | W13: P2 | X13: ✅ | Y13: 待产品明确 4.28 @廖婉婷 汪帅 4.30 广播自测成功；实车FC没有下发 | Z13: @余明明 | AA13: @高宇新 | AB13: =AG13/AH13 | AC13: =AG13 | AD13: =E13-AC13 | AE13: =AF13/AG13 | AF13: =COUNTIFS('车控'!Q263:Q271,"✅") | AG13: =COUNTIFS('车控'!Q263:Q271,"✅")+COUNTIFS('车控'!Q263:Q271,"❌")+COUNTIFS('车控'!Q263:Q271,"Block") | AH13: 9 | AI13: =AF13 | AJ13: =AH13-AF13 | AK13: =AG13-AF13 | AL13: 字节-谢军军 PASS | AP13: 车控 | AQ13: =AH13-E13
B14: 后排吸顶屏 | C14: 已完成 | D14: 7 | E14: 7 | F14: =G14/E14 | G14: 7 | H14: =E14-G14 | I14: 7 | J14: =I14/E14 | K14: 05.19：@刘敬思在275实车上验证下打开关闭及角度调节。 05.26：254实车不支持 0528 @方令平推进实车问题 0615 、0622开发都提测了，追测试郑永超确认测试进展 | N14: linkservicemanager2.0_is4pr_is4gr.pdf linksettingmanager-0.0.1_4-20251222.070545-1.jar:https://bytedance.larkoffice.com/file/NQTLb6yhvolgJ6xCTNUcUDqzn9c | O14: =P14/E14 | P14: 7 | Q14: =E14-P14 | R14: 04.15：实车不支持后排屏角度调节。 04.16：PP基线（4.0.5）的屏控支持，待更新版本验证， 需要更新实车配置字 -- 0421 完成 @邴岱一和配置字验证不通过。 04.28：验证不通过，DNA-658 | S14: 46133 | T14: 7 | U14: =T14/E14 | V14: =E14-T14 | W14: P0 | X14: ✅ | Y14: 04.22 当前开发完毕待验证了 | Z14: @高宇新 | AA14: @田高琳 | AB14: =AG14/AH14 | AC14: =AG14 | AD14: =E14-AC14 | AE14: =AF14/AG14 | AF14: =COUNTIFS('车控'!Q272:Q278,"✅") | AG14: =COUNTIFS('车控'!Q272:Q278,"✅")+COUNTIFS('车控'!Q272:Q278,"❌")+COUNTIFS('车控'!Q272:Q278,"Block") | AH14: 7 | AI14: =AF14 | AJ14: =AH14-AF14 | AK14: =AG14-AF14 | AL14: 字节-郑永超 FAIL | AM14: https://bytedance.larkoffice.com/record/Eunmr4LB4eJFXrcxyVlcb1qun6c | AP14: 车控 | AQ14: =AH14-E14 | AR14: @刘敬思 进度表接7个api，模块表5个api写待实车测试，确认后更新？-0526实车254不支持后排吸顶屏，待复测更新 | AU14: 周二 | AV14: 4
B15: 驾驶模式 | C15: 已完成 | D15: 11 | E15: 9 | F15: =G15/E15 | G15: 9 | H15: =E15-G15 | I15: 9 | J15: =I15/E15 | K15: 03.05： 1sdk没写调用哪个manager模块？2setEptTorqueCustMode对应参数值是啥？ setSteeringCustMode对应参数值值是啥？ setSuspensionSts对应参数值值是啥？ 以下功能在SDK内没找到对应API： 退出驾驶模式 语音控制动力响应 语音控制转向手感 语音控制悬架阻尼 语音控制恢复标准 03.17：1驾驶模式切换为空时调用关闭驾驶模式是否正确2页面无响应 3.19：驾驶模式页面无响应，驾驶模式为“切换驾驶模式为空”时调用的是“退出驾驶模式”是否正确 3.20问题同上，抓日志给上汽排查 3.23tts播报问题3.26已解决完成 3.27 更新sdk之后，悬架阻尼sdk接口有问题 03.31：HMI无状态显示实际控制效果。 @刘敬思查一下悬架阻尼接口的参数，是否支持三种控制项。如果有问题，微信群求助。 驾驶模式（雪地）调用API入参返回值待排查@刘敬思 4.2 待自测，已删除切换退出驾驶模式需求，已删除多余驾驶模式，悬架阻尼待自测，，添加仅主驾可操作功能 04.02、4.27：字节：转向手感fc不支持，接口对接进行中 上汽：悬架阻尼只有智慧悬架，但实际prd及技术实现包含悬架阻尼设置为舒适/标准/运动 0413 @杨忠谕:上汽说没有退出功能只有切换功能，不做打开关闭功能,280\281 4.23动力响应设置为舒适/标准/运动返回值3010015待上汽排查4.27驾驶模式切换舒适模式UI跳转到晕动舒缓模式，悬架阻尼和动力响应UI无变化4.28悬架阻尼和动力响应UI无变化 0506:驾驶模式悬架阻尼切换到运动返回resultCode=3000005 0512:转向手感待自测，自测不通过 513 抓日志排查,自测不通过排查中 515，05.26：283“方向盘助力调节”FC下发参数error，待云端排查/0608https://bytedance.larkoffice.com/record/WtndrrGeye5iX2cyOPycM3nOnTh 敬思反馈待自测 0528 @刘敬思: 反馈 周怀君 说这个“语音控制悬架阻尼”api先不用管/0608 敬思反馈当时测的时候可能是车的版本问题，时通时不通，加上模块表里ep车备注“只有智慧模式”太久远了，敬思再去车上验证一下，如果当前版本是好的，就提测 0611fc下发value错误，转向手感切换到舒适下发的参数是标准，切换到运动下发的沉稳，切换到标准下发的标准，上汽语义协议和实车上的模式不一致的问题，需要左晨确认下是修改协议还是做映射关系，bug单recvjua8GBsmzg recvm7pnoeeQw8/0618 左晨在bug里评论，请客户端同学做协议的参数值做适配。舒适=轻盈，运动=沉 稳，标准=标准。@刘敬思: / 0622 已开发完，真车排队自测 0615 除了上面转向手感，其他已提测，与测试郑永超确认测试进展 0622 275实车测试转向手感切换为运动/标准成功切换，切换为舒适，fc参数下发为标准切换失败/0629 recvjua8GBsmzg 服务端已修复，待敬思验证 0629验证已通过 0703 1个待测试 郑永超今晚发版点检的时候验 0706 永超反馈测试已通过，待更新表格 | N15: 03.05： @刘敬思先找吴佳军反馈。 03.17：待上汽排查 03.18：@刘敬思修改代码再验证。 3.19： 驾驶模式页面无响应，驾驶模式为“切换驾驶模式为空”时调用的是“退出驾驶模式”是否正确 03.23：权限SDK群里要一下@刘敬思 03.23：@周怀君提供权限SDK 03.24：权限SDK提供后无效，待上汽继续支持。3.26已解决完成 | O15: =P15/E15 | P15: 9 | Q15: =E15-P15 | R15: 04.15：制动控制 - 自动驻车，HMI回弹。解决计划时间4.0.7 04.16：需要拖回安亭做标定后，才能支持 04.22: 岱一 4.0.7版本复测 @邴岱一（254测试通过，253FAIL）0422：新问题-电子稳定系统回弹 | S15: 253实车需拖回安亭待标定，此功能先用254车验证，不block工作。 | T15: 9 | U15: =T15/E15 | V15: =E15-T15 | W15: P0 | X15: ✅ | Y15: 5月9号 | Z15: @高宇新 | AA15: @田高琳 | AB15: =AG15/AH15 | AC15: =AG15 | AD15: =E15-AC15 | AE15: =AF15/AG15 | AF15: =COUNTIFS('车控'!Q279:Q289,"✅") | AG15: =COUNTIFS('车控'!Q279:Q289,"✅")+COUNTIFS('车控'!Q279:Q289,"❌")+COUNTIFS('车控'!Q279:Q289,"Block") | AH15: 9 | AI15: =AF15 | AJ15: =AH15-AF15 | AK15: =AG15-AF15 | AL15: 上汽-FAIL 字节-郑永超 FAIL | AM15: https://bytedance.larkoffice.com/record/Bx45rDZv1eg1IOcKN2xci1b3nBd https://bytedance.larkoffice.com/record/XTdSr1uKTeSfTHcqTcVcqiTRnfe | AP15: 车控 | AQ15: =AH15-E15 | AR15: @刘敬思语音控制悬架阻尼api备注需双方需求对齐功能，具体进展？- @郑永超 进度表总case9完全通过，覆盖哪些api？更新模块表测试进展列-已完成
B16: 驾驶设置 | C16: 【火山】待测试 | D16: 8 | E16: 8 | F16: =G16/E16 | G16: 8 | H16: =E16-G16 | I16: 8 | J16: =I16/E16 | K16: 1.能量回收设置为高中低 @guixiang 反馈说权限问题 需加白名单@田高琳 03.31：@田高琳能量回收高中低控制问题，待提供log给guixiang排查。 04.02、4.10：剩余5功能，待FC支持。 (已补充至文档) 4.14 @田高琳今天补充在FC问题清单 已补充 4.21 能量回收设置为自适应，HMI也缺失 发动机维修模式（排放检测模式）开关，实车不支持 0504 @田高琳 :上汽桂祥反馈无该需求288 发动机维修模式、动力源模式FC还不支持 @左晨 5.9 能量回收设置为自适应 自行找产品确认好，不支持就TTS兜底；产业要求TTS兜底，等FC能下发之后兜底 0518：发动机维修模式FC不支持 @左晨 05.26：2个api 293、294 未收到FC 0527:待研发刷新。 0528 2个api 293、294 @尹泽陆 确认接口是否可用/@尹泽陆 288行“上汽桂祥反馈无该需求” 接兜底 0603 ”语音控制发动机维修模式-打开发动机维修模式、关闭发动机维修模式“FC无法下发，已反馈 0608 泽陆今日复验：FC无法下发，已反馈 0615 泽陆今天再试一下，如果没好就把原来的bug填进来；开发目前名下无bug，打开关闭某动力源模式测试❌与测试郑永超确认进展/0616 泽陆：等debug车回来/ fc已有，如果下发有问题找算法 0618 1个api（语音控制发动机维修模式），验证FC无法下发，已反馈云端 0622 研发名下bug今天可修复，真车排队验证 0706 再催泽民 7/7 泽民说添加个动态示例就能解决，会尽快解决 0708 泽民说已经好了，让他把meego单给泽陆，已通知泽陆0709发版后验一下 0720 meego票泽民已解决，待泽陆确认结果 | N16: 03.23：权限SDK群里要一下@田高琳 03.23：@周怀君提供权限SDK 03.24：权限SDK提供后无效，待上汽继续支持。 03.30：集成上汽签名包后，整体验一下权限问题。@田高琳 | O16: =P16/E16 | P16: 8 | Q16: =E16-P16 | R16: 04.15：实车不支持发动机维修模式 04.16：IS4PR车->排放检测模式，按键置灰无法点击 ---待反馈解决计划@董晓颖 04.21：@邴岱一上高压去验证。 - 已验证通过 | T16: 6 | U16: =T16/E16 | V16: 5 | W16: P0 | X16: ✅ | Y16: 4.22 开发完毕待自测了 | Z16: @尹泽陆 | AA16: @谢一鸣 | AB16: =AG16/AH16 | AC16: =AG16 | AD16: =E16-AC16 | AE16: =AF16/AG16 | AF16: =COUNTIFS('车控'!Q290:Q297,"✅") | AG16: =COUNTIFS('车控'!Q290:Q297,"✅")+COUNTIFS('车控'!Q290:Q297,"❌")+COUNTIFS('车控'!Q290:Q297,"Block") | AH16: 5 | AI16: =AF16 | AJ16: =AH16-AF16 | AK16: =AG16-AF16 | AL16: 上汽 （待对接进度为100%，上汽在测试） FAIL 字节-刘晓帝 | AM16: https://bytedance.larkoffice.com/record/ASFBrTYvXe7Zu1cYU5RcfcqcnVf https://bytedance.larkoffice.com/record/KYCYrOrLXetbA6cuDf9cEN9bnpd https://bytedance.larkoffice.com/record/DN8OrxDeOezpLDcWgSpcl5EynlS https://bytedance.larkoffice.com/record/OR4KrHm0DefpaacoiyXcrtFQneh https://bytedance.larkoffice.com/record/GcTVrAyDNewX0rc22L9c71ADnlg https://bytedance.larkoffice.com/record/KnMWr4BtieGVDIcT8eTcIwmVnKc https://bytedance.larkoffice.com/record/Qg0SrLgAwe2Du6cQSzQckGhennK https://bytedance.larkoffice.com/record/KcEfrdl6He8y86c3yymczsl6nVe https://bytedance.larkoffice.com/record/UgDRr5xMweJZnIcKKWFcfusIntf | AP16: 车控 | AQ16: =AH16-E16
B17: 摄像头相关 | C17: 【火山】待问题修复 | D17: 43 | E17: 43 | F17: =G17/E17 | G17: 43 | H17: =E17-G17 | I17: 43 | J17: =I17/E17 | K17: 1、打开 Carlog 应用使用原生跳转需要提供包名 2、打开相册使用原生跳转提供相关action 3、OMS摄像查看开关不下发FC（字节内部） 4、哨兵模式接口调用失败 5、驾驶员疲劳监测打开失败 03.27 摄像头OMS预览页面之类的没有 04.02：PP 4.0.3版本可测试验证。 04.16: 行车影像设置页面跳转无反应 04.20：除了以上三项都已经解决完毕 0422：@赵明珠刷新好最新状态 04.22:今天 253实车摄像头有问题，没有画面 04.24:释放新接口待接入 0506：dvr信号不稳定 0506：carlog拍照录像提示需要插入U盘 0507：dvr端状态拿不到信号 字节：缺FC 0519：端状态信号不稳定，包含下述3类 ~ 上汽 余良德 一般录像开关信号：onNormalRecordSwitchStatus 录音开关信号：onAudioRecordStatus OMS信号：onSwitchStatusChange 05.26：问题同05.19，推进上汽反馈排查。 05.27：接口使用问题：微信群搜索“就是用enum转int就行” 0603 u盘（c口128g）测试阻碍的问题暂时挂起，等p基线上了之后再验证（2个api，录像 - 短视频录像、控制 DVR - 设置录制时长） 0528 313、316两行api，fc不下发 请产品@廖婉婷支持/0602 张王成已清除313、316fc不下发的备注，316已接 还差用U盘验证的2个接口 06.16 忠谕:摄像头有三个新增的需求但是相对应的接口还没提供已在微信群中沟通。/0622 接口问题已问怀君等反馈 0706已自测通过待更新表格提测 | N17: 1&2待上汽定点；待上汽反馈@周怀君 4&5.@赵明珠在微信群和上汽接口同事「guixiang」沟通预期表现。 03.11： 4&5待有控制页面提供后再验证。0312 上汽预计本周提供@赵明珠 03.16： 摄像头HMI出图问题，预计下周版本解决。 03.23：PP 4.0.X版本解决，待「guixiang」跟进争取本周解决。 03:26： 在台架4.0.2版本接入OMS/DMS尝试推apk验证；@桂祥&周毅 Carlog功能8条，排期4/30交付 非接口需求：6条 打开页面2条已提供跳转能力接口 关闭页面2条预计4/16和字节沟通开发方案，4/30完成交付 | O17: =P17/E17 | P17: 43 | Q17: =E17-P17 | R17: 04.09：PPV1实车摄像头相关控制及取图失效。 04.13：舱内OMS*2 + 舱外AVCamr_F3（前120度周视） + 舱外 AVCamr_R（后周视）---04.25提供 04.15：只支持前排查看。HMI 后排查看等控制，无响应。 04.16: 开发排期4.22开发完成 04.28：VQA功能依赖摄像头取图能力，经常出现问题周毅让我们重启车机试一试~反馈是暂时不会推动解决稳定性的问题。---请上汽内部推动解决。 04.30：OMS概率取黑白图，非持续彩色图。 | S17: 46134 | T17: 43 | U17: =T17/E17 | V17: =E17-T17 | W17: P0 | X17: ✅ | Y17: 05.09 | Z17: @杨忠谕 | AA17: @赵明珠 | AB17: =AG17/AH17 | AC17: =AG17 | AD17: =E17-AC17 | AE17: =AF17/AG17 | AF17: =COUNTIFS('车控'!Q300:Q342,"✅") | AG17: =COUNTIFS('车控'!Q300:Q342,"✅")+COUNTIFS('车控'!Q300:Q342,"❌")+COUNTIFS('车控'!Q300:Q342,"Block") | AH17: 37 | AI17: =AF17 | AJ17: =AH17-AF17 | AK17: =AG17-AF17 | AL17: 上汽 FAIL 字节-郑永超 FAIl | AM17: https://bytedance.larkoffice.com/record/KUAHrWiGfedqLFcpJCKcFrjen9g https://bytedance.larkoffice.com/record/RBnvrSFwNeLkNPc6qq0cOPe7nfb https://bytedance.larkoffice.com/record/UhDrrZyHGenZjQcUaY3ciiHkngb https://bytedance.larkoffice.com/record/QhimrMdH4elYrQcOtAscuECTncc https://bytedance.larkoffice.com/record/Qvzjr1p6xetzHDcusklceEj7nrd | AP17: 车控 | AQ17: =AH17-E17 | AR17: @张王成进度表接api41，模块表研发进展只有40✅，请确认并更新？- 已更新，只有40 @张王成 两个fc不下发313、316，下一步做什么？1个302备注需要U盘，其他有的也备注了需要u盘但是也接了，这一条按照之前的做法接 | AS17: 1
B18: 维保 | C18: 已完成 | D18: 2 | E18: 2 | F18: =G18/E18 | G18: 2 | H18: =E18-G18 | I18: 2 | J18: =I18/E18 | K18: 从端状态信号对接获取 左晨0415：研发把 维保的信息收集到上报即可。整体需求与车况随心问相同，纳入到车况随心问中。 4.16待西钺提供端状态信息。 4.17待左晨找上汽产品对齐，因上汽反馈维保信息获取不到 4.20:左晨答复上汽的产品了， 查询类功能，要打开页面我们做不了。 上汽还没回复 05.26：上汽已提供ZoneAPI，待开发验证接口状态。 05.27: 0527确认API，0529完成开发； 06.01:需上汽侧把实车数据录入云端后才可查看数据，已反馈，待回复解决时间。 上汽怀君 0602 已追怀君，等反馈/怀君：云端在确认中，下午给反馈 0603 追怀君，暂未反馈 0614 与周怀君确认，他还在推动解决/ 0616 依旧 7/7 jira bug单更新，上汽侧评论7/6提交代码，6.0.1（7/7）版本可修复，已通知忠谕7/8验一下 0708 忠谕反馈今晚验 0710 忠谕验证上汽端有问题 | N18: 维保信息在云端，需要云云对接 1. 维保页面显示IP5PM项目开发未完成，DM负责开发 -- IP5PM 项目需要DM 确认 2. 接口需要DM提供云端接口 | O18: =P18/E18 | P18: 2 | Q18: =E18-P18 | R18: 维保，不涉及实车验证。 | T18: 2 | U18: =T18/E18 | V18: =E18-T18 | W18: P2 | Y18: 06.15 | Z18: @杨忠谕 | AA18: @余明明 | AB18: =AG18/AH18 | AC18: =AG18 | AD18: =E18-AC18 | AE18: =AF18/AG18 | AF18: =COUNTIFS('车控'!Q343:Q344,"✅") | AG18: =COUNTIFS('车控'!Q343:Q344,"✅")+COUNTIFS('车控'!Q343:Q344,"❌")+COUNTIFS('车控'!Q343:Q344,"Block") | AH18: 2 | AI18: =AF18 | AJ18: =AH18-AF18 | AK18: =AG18-AF18 | AL18: 字节-刘晓帝 | AP18: 车控 | AQ18: =AH18-E18 | AR18: @杨忠谕 进度表备注api已确认，请更新模块表L列接口识别-
B19: 制动 | C19: 【火山】待问题修复 | D19: 8 | E19: 8 | F19: =G19/E19 | G19: 8 | H19: =E19-G19 | I19: 8 | J19: =I19/E19 | K19: 03.05： sdk未找到调用哪个manager？ 03.12： ①状态 制动页面无响应； ②自动驻车所有接口调用之后设置页面没响应。3.19制动页面无响应 3.20问题同上，抓日志给上汽排查 3.27 问题同上，上汽排查中 03.30：HMI上无法识别是否生效。 03.31 @刘敬思「舒适制动」提供log给guixiang分析设置是否成功。HMI待后续支持。 4.3、4.10 “自动驻车”待左晨确认“深踩”模式及“传统”模式需求；添加仅主驾可操作功能 4.14 上汽说有这个需求，左晨说没有这个需求，待产品确认 4.16待上汽需求更新prd,打开关闭自动驻车及深踩模式的需求prd =》04.20：prd未更新 4.21上汽：待上汽更新prd4.27UI关闭制动全部无响应4.28制动253车置灰无法点击 05.26：待guixiang反馈更新SDK 05.27：如微信群沟通，语音打开需要设置last模式 请开发@刘敬思用此方式确认 0601接口调用返回值没拿到，待微信群和开发沟通 0602待自测 0604:接口返回值无法使用，需要再跟客户沟通 0608 车控-制动-自动驻车开关 - 打开，敬思反馈待自测/0611 敬思验证通过，提测 0615、0622 开发已都提测，开发名下没有bug，追测试谢军军进展 | N19: 03.05： @刘敬思先找吴佳军反馈。 03.12： ①&②确认返回值，分析是API问题 or HMI问题。@刘敬思提供log包。 03.17： @周怀君找jiajun协调支持。 03.18：@刘敬思修改代码再验证。 3.19：制动页面无响应 03.23：权限SDK群里要一下@刘敬思 03.23：@周怀君提供权限SDK | O19: =P19/E19 | P19: 7 | Q19: =E19-P19 | R19: 04.09：PPV1实车HMI制动控制不可用。 04.16： 需要实车进行标定 04.21：编号254标定完成，待验证是否HMI可控制， 验证有按钮回弹， 测试开票跟进 - @董晓颖 04.22：预计4.0.8版本修复 | S19: 46141 | T19: 8 | U19: =T19/E19 | V19: =E19-T19 | W19: P0 | X19: ✅ | Y19: 2026/5/7 | Z19: @高宇新 | AA19: @余明明 | AB19: =AG19/AH19 | AC19: =AG19 | AD19: =E19-AC19 | AE19: =AF19/AG19 | AF19: =COUNTIFS('车控'!Q345:Q352,"✅") | AG19: =COUNTIFS('车控'!Q345:Q352,"✅")+COUNTIFS('车控'!Q345:Q352,"❌")+COUNTIFS('车控'!Q345:Q352,"Block") | AH19: 8 | AI19: =AF19 | AJ19: =AH19-AF19 | AK19: =AG19-AF19 | AL19: 上汽-FAIL 字节-王东旭-FAIL | AM19: https://bytedance.larkoffice.com/record/V9xGreDHke2mECcNdOycFZu4nhn | AP19: 车控 | AQ19: =AH19-E19 | AR19: @刘敬思 模块表“自动驻车开关 - 打开研发进展”为空是否因为“如微信群沟通，语音打开需要设置last模式”？后续解决人是谁？-待复测
B20: 仪表及其他 | C20: 【火山】待问题修复 | D20: 12 | E20: 12 | F20: =G20/E20 | G20: 12 | H20: =E20-G20 | I20: 12 | J20: =I20/E20 | K20: 1.查询剩余电量与屏幕上的不一致 查询车辆最大电量: int getBmsPackSocKWh(@NonNull FloatResult result); 看状态O P标记的N 查询最大续航里程:主动查询值 端状态缺失@陈西钺（没有该需求） 03.31：@田高琳「查询剩余电量与屏幕上的不一致」提供log微信群给guixiang分析。 4.3 、4.10 1.设置了切换仪表视图2012无反应 已抓日志给@guixiang 已提供给guixiang 0615 、0622开发均已提测且名下无bug，与测试军军确认bug | N20: 根据DNA1.0：场景感知状态信号库v2.5 文档O、P列状态对接。 03.05： @田高琳:在上述2.5版本上，补充需要的端状态信息。 @周怀君:协调回调接口的状态。 03.11： 查询剩余电量、查询剩余油量(混动)。回调接口已提供@田高琳:验证反馈。 查询车辆最大电量、查询最大续航里程。其他都按主动获取方式实现。 0324：缺一个仪表视图切换接口 0326： 已提供 | O20: =P20/E20 | P20: 12 | Q20: =E20-P20 | R20: 端状态信号，不涉及前置实车状态验证。 | T20: 12 | U20: =T20/E20 | V20: =E20-T20 | W20: P0 | X20: ✅ | Y20: 03.06 | Z20: @高宇新 | AA20: @田高琳 | AB20: =AG20/AH20 | AC20: =AG20 | AD20: =E20-AC20 | AE20: =AF20/AG20 | AF20: =COUNTIFS('车控'!Q353:Q364,"✅") | AG20: =COUNTIFS('车控'!Q353:Q364,"✅")+COUNTIFS('车控'!Q353:Q364,"❌")+COUNTIFS('车控'!Q353:Q364,"Block") | AH20: 12 | AI20: =AF20 | AJ20: =AH20-AF20 | AK20: =AG20-AF20 | AL20: 字节-郑永超 FAIL | AM20: https://bytedance.larkoffice.com/record/ZO7prbGb4e3tCVcBd4acBIY8n4d https://bytedance.larkoffice.com/record/CIb1rhN5wejVkGcg7VFcjmxUnkF https://bytedance.larkoffice.com/record/GhXVrH3tjeEPnycA4N8cl3A3n9i https://bytedance.larkoffice.com/record/JqFqrqo9XeVAq2cc28Scw9Yknbg https://bytedance.larkoffice.com/record/EDP2rGY7Re4uftcgFsmc87XXnLg https://bytedance.larkoffice.com/record/YmcYrm0ape8GgBc2Q8mcApEsnyh | AP20: 车控 | AQ20: =AH20-E20
B21: 内灯 | C21: 【火山】待问题修复 | D21: 25 | E21: 25 | F21: =G21/E21 | G21: 25 | H21: =E21-G21 | I21: 25 | J21: =I21/E21 | K21: 1. 氛围灯颜色调节，仅支持主题色的调节，不支持单色的调节，且仅支持预制的6种颜色 2.API已集成验证，待实车自测。 3. 氛围灯颜色不支持白色和灰色的调节 4.4.22 字节：氛围灯律动调节，mode返回不对，已提给算法 05.26：ZoneAPI已提供，但实车不可用（实车可用时间待上汽反馈-）。 待客户确认实车解决时间； 05.28：预估P基线的实车才有内灯功能； 0602 p基线预计0607之前（2个api，语音控制打开关闭阅读灯、语音控制阅读灯亮度调节），开发名下无bug，但有10个❌，与测试谢军军确认bug 0622 真车排队 0624 测试不通过，接口调用成功，实际阅读灯未执行，已同步上汽研发谭忠洲 0706 果果反馈语音与车机是通了，但是车上的灯有问题看不到物理效果，已拉群问汪帅、晓健、令平 7/7 hmi控灯有问题，我们与hmi一致即可提测，上汽2个bug是fixed和verifying，灯开关的问题上汽备注sop基线同步更新，让果果找上海同事车上试一下，1个api（语音打开关闭阅读灯）dna-1475 晓颖说明天问她，她找方俊确认日期 0708 已追晓颖等反馈/0709 晓颖反馈：等车基线升级到SOP基线 | N21: 03.10： @田高琳先在微信群找「guixiang」沟通确认。 03.12： SDK内API和表格中接口描述内容不一致。「guixiang」协调确认。 03.17：先按照SDK内容识别，@田高琳发微信群找guixiang确认。 P基线新增阅读灯条目2条，排期5/17 IS4PR-4163 D01_P05_M07_F05_内部灯光控制（全车型）_阅读灯开关_P基线 5/15:P基线SOA信号延期释放，推迟到5/21提供给字节 | O21: =P21/E21 | P21: 25 | Q21: =E21-P21 | T21: 25 | U21: =T21/E21 | V21: =E21-T21 | W21: P0 | X21: ✅ | Y21: 05.19 | Z21: @陈果果 | AA21: @杨忠谕 | AB21: =AG21/AH21 | AC21: =AG21 | AD21: =E21-AC21 | AE21: =AF21/AG21 | AF21: =COUNTIFS('车控'!Q365:Q389,"✅") | AG21: =COUNTIFS('车控'!Q365:Q389,"✅")+COUNTIFS('车控'!Q365:Q389,"❌")+COUNTIFS('车控'!Q365:Q389,"Block") | AH21: 23 | AI21: =AF21 | AJ21: =AH21-AF21 | AK21: =AG21-AF21 | AL21: 字节-郑永超 FAIL | AM21: https://bytedance.larkoffice.com/record/CksOrbqp7e6T44cIddfc4jevnIc https://bytedance.larkoffice.com/record/DQCfr7teLeHFOycHwQxcUZ6cnAe https://bytedance.larkoffice.com/record/J3rDrUbjKeMm4CcISQAc3XM7n2e | AP21: 车控 | AQ21: =AH21-E21 | AU21: 周二 | AV21: 6
B22: 外灯 | C22: 已完成 | D22: 22 | E22: 22 | F22: =G22/E22 | G22: 22 | H22: =E22-G22 | I22: 22 | J22: =I22/E22 | K22: 1.设置主灯模式setMasterLightMode方法和接口实际参数文档上的值对不上 0x0=OFF 0X1=SidePositionLight ON 0X2=DippedBeamLight ON 0X3=AUTO 实际的如右图 04.24：远光灯没有接口需求，语音兜底 屏控验证迎宾灯语通过 | N22: 03.10： @田高琳先在微信群找「guixiang」沟通确认。 03.12： SDK内API和表格中接口描述内容不一致。「guixiang」协调确认。 04.22：迎宾语开关，接口已支持，待释放版本验证 远光灯开关：语音兜底，引导手动操作 04.23：待0423 daily版本验证测试 04.24：屏控验证迎宾灯语通过 | O22: =P22/E22 | P22: 22 | Q22: =E22-P22 | R22: 04.08：大灯控制HMI回弹。 04.09：白天上车验证又正常。 | T22: 22 | U22: =T22/E22 | V22: =E22-T22 | W22: P0 | X22: ✅ | Y22: 04.28 | Z22: @陈果果 | AA22: @杨忠谕 | AB22: =AG22/AH22 | AC22: =AG22 | AD22: =E22-AC22 | AE22: =AF22/AG22 | AF22: =COUNTIFS('车控'!Q390:Q411,"✅") | AG22: =COUNTIFS('车控'!Q390:Q411,"✅")+COUNTIFS('车控'!Q390:Q411,"❌")+COUNTIFS('车控'!Q390:Q411,"Block") | AH22: 22 | AI22: =AF22 | AJ22: =AH22-AF22 | AK22: =AG22-AF22 | AL22: 上汽 FAIL 字节-郑永超 FAIL | AM22: https://bytedance.larkoffice.com/record/AVjmrT1x0e54YTcimwccMXgXnAh https://bytedance.larkoffice.com/record/XGForV0woeHNlScCLGYc1HIhnfh https://bytedance.larkoffice.com/record/NQkprBiDOe0BAxcuOAMcJRimnxK https://bytedance.larkoffice.com/record/E2KrrVPzRejKiocCITEcP5OonBc https://bytedance.larkoffice.com/record/CWXsrATm8eKEnDchg9xcEzganhb https://bytedance.larkoffice.com/record/RgtUrsNFoeOKIrcYXiZcvcqOn4f https://bytedance.larkoffice.com/record/DaYprgBAAeaCbXcXz99cJ2f2ngf https://bytedance.larkoffice.com/record/MJegrQllBeojuVcsyEpckmCynne https://bytedance.larkoffice.com/record/LtDdrptMxeeX5oc5SbYcoZ5pnGb https://bytedance.larkoffice.com/record/I1kNriL8te16QScNLcOcmvSRnUh https://bytedance.larkoffice.com/record/FT4GrvwLIeUzGJcLKRvcEkognIg https://bytedance.larkoffice.com/record/GbcuraHCweLtZ4cFFKLcAmdwntd https://bytedance.larkoffice.com/record/ABUkrOuGfeqwmBcIpOZc9c9unzC https://bytedance.larkoffice.com/record/GNiurc3TVeJoqgc8FdpcsZAOncb https://bytedance.larkoffice.com/record/P22rruNyEejDVbc8E9OcrEzPn8e | AP22: 车控 | AQ22: =AH22-E22
B23: 智能场景 | C23: 已完成 | D23: 1 | E23: 1 | F23: =G23/E23 | G23: 1 | H23: =E23-G23 | I23: 1 | J23: =I23/E23 | K23: 左晨0416：需要planner先区分下哪些能自己做，哪些要系统做。 依赖上汽提供knowhow。 智能场景中的打开关闭功能，Daniel反馈，不要用固定的控制执行。 这些给到豆包Planner去推理，当然场景提供给用户什么最好 因此智能场景部分的控制，我们就不对接了。 | O23: =P23/E23 | P23: 1 | Q23: =E23-P23 | T23: 1 | U23: =T23/E23 | V23: =E23-T23 | W23: P2 | Y23: 待产品澄清 @左晨 | Z23: @杨忠谕 | AA23: @田高琳 | AB23: =AG23/AH23 | AC23: =AG23 | AD23: =E23-AC23 | AE23: =AF23/AG23 | AF23: =COUNTIFS('车控'!Q412,"✅") | AG23: =COUNTIFS('车控'!Q412,"✅")+COUNTIFS('车控'!Q412,"❌")+COUNTIFS('车控'!Q412,"Block") | AH23: 1 | AI23: =AF23 | AJ23: =AH23-AF23 | AK23: =AG23-AF23 | AL23: 字节-郑永超 | AP23: 车控 | AQ23: =AH23-E23
B24: 个人中心 | C24: 【火山】待开发 | D24: 6 | E24: 6 | F24: =G24/E24 | G24: 6 | H24: =E24-G24 | I24: 6 | J24: =I24/E24 | K24: 4.14 开发需要自测完成，需大众提供账号才能自测现在扫描二维码显示“扫描的授权码未经过认证哦～” 4.18： 字节：导航账号登录、导航账号退出、人脸识别登录开关，fc不支持 0706 待忠谕验证fc是否已解决 0528 2个api@左晨：fc不支持的“语音控制导航账号切、换人脸识别登录账号”/ 0608 左晨说低优功能，他记下来再看。 不支持的，可以在功能 列表里， 标注为FC不支持。 0528 2个api（录入人脸识别信息、删除人脸识别信息） sop+3/ 7/7待忠谕建jira bug票（已告知） 7/6 2个api（语音控制导航账号切换、人脸识别登录账号开关）fc问题待忠谕7/7复验 0708 忠谕今晚验 0723 待忠谕验证/ 忠谕 0731 给结论 | L24: @杨忠谕 | M24: http://jira.z-onesoftware.com:8080/browse/DNA-2973 上汽票里反馈【pp基线已上限oms FaceId功能，目前版本均可验证】 | N24: 【语音控制导航账号切换】需求1条，P基线需求，排期4/30 | O24: =P24/E24 | P24: 0 | Q24: =E24-P24 | R24: 04.15：个人中心版本待升级，结合FaceID的个人中心APP，支持计划04.30。 | S24: 46141 | T24: 4 | U24: =T24/E24 | V24: =E24-T24 | W24: P2 | Y24: 05.04 | Z24: @杨忠谕 | AA24: @谢一鸣 | AB24: =AG24/AH24 | AC24: =AG24 | AD24: =E24-AC24 | AE24: =AF24/AG24 | AF24: =COUNTIFS('车控'!Q413:Q418,"✅") | AG24: =COUNTIFS('车控'!Q413:Q418,"✅")+COUNTIFS('车控'!Q413:Q418,"❌")+COUNTIFS('车控'!Q413:Q418,"Block") | AH24: 6 | AI24: =AF24 | AJ24: =AH24-AF24 | AK24: =AG24-AF24 | AL24: 字节-郑永超 | AM24: https://meego.larkoffice.com/telematics/issue/detail/7282835850 https://meego.larkoffice.com/telematics/issue/detail/7282835850 | AP24: 车控 | AQ24: =AH24-E24 | AR24: @杨忠谕 2个人脸不支持无法自测，下一步怎么办？2个FC不支持，现在是谁在解决啊？- 左晨
B25: 智能能量池 | C25: 已完成 | D25: 2 | E25: 2 | F25: =G25/E25 | G25: 2 | H25: =E25-G25 | I25: 2 | J25: =I25/E25 | K25: 04.27：调用无线充电和手机遗忘提醒接口，返回权限异常，重启试试（上汽已知问题，已起票） | O25: =P25/E25 | P25: 0 | Q25: =E25-P25 | T25: 2 | U25: =T25/E25 | V25: =E25-T25 | W25: P0 | Y25: 04.25 | Z25: @高宇新 | AA25: @余明明 | AB25: =AG25/AH25 | AC25: =AG25 | AD25: =E25-AC25 | AE25: =AF25/AG25 | AF25: =COUNTIFS('车控'!Q419:Q420,"✅") | AG25: =COUNTIFS('车控'!Q419:Q420,"✅")+COUNTIFS('车控'!Q419:Q420,"❌")+COUNTIFS('车控'!Q419:Q420,"Block") | AH25: 2 | AI25: =AF25 | AJ25: =AH25-AF25 | AK25: =AG25-AF25 | AL25: 字节-刘晓帝 PASS | AP25: 车控 | AQ25: =AH25-E25 | AR25: @张王成进度表已接是2，模块表研发进展为空，请确认并更新-已更新（0528）
A26: 系统设置 | B26: 声音 | C26: 【上汽】SDK文档接口实车卡点,【火山】待开发 | D26: 63 | E26: 50 | F26: =G26/E26 | G26: 45 | H26: =E26-G26 | I26: 45 | J26: =I26/E26 | K26: 1、jar目前存在问题，需要提供新的jar包（已在微信群中提出问题，等待反馈） 2、音量方法是否支持具体数值和百分比调节 3、接口文档没有头枕音响模式接口，SDK是否支持，支持的话请提供一下接口 4、没有找到低速行人提示音开关接口 5、没有K歌相关操作接口 6、语音控制蓝牙耳机音量，无法识别分区。 3.27：定义P0部分已接入完成。权限包已更新功能还是不行，待排查功能异常的其他原因@赵明珠 04.08、4.10：导航静音失败已在微信群反馈日志@赵明珠 4.14 开始对接剩余的非标绿的部分 04.20:导航禁音问题未反馈 04.22：导航静音问题，票已经到延峰手里，问题还在分析 04.24：问题还未回复 04.24：部分功能未给接口 04.28:未找到接口说的pdf文档（应用中间件Audio使用规范V1.0.pdf） 0507：车外喊话没声音 确认要调节耳机音量到总音量的 70% 么——5.9 自行找产品确认好有没有这个能力 找云端：首次下发、二次确认下发的FC和参数的区别 05.19：二次确认， @赵明珠验证反馈 头枕环绕调节，接口执行失败。 05.19：@赵明珠提供log给上汽分析 05.22:HMI页面未找到功能 0526 部分功能有接口调用异常问题，部分功能有FC 未下发问题，都以bug 票形式流转/0608 fc不下发的工单 0528 5个api“语音控制车外喊话 - 无麦 K 歌” 设置功能排期推迟到SOP+3/ 0707 告知泽陆尽快建jira bug票 0603 上汽给了新的接口文档，部分功能需要修改 0608 泽陆，预计剩余本周完成开发 0615 泽陆更新剩余接口开发进度 0618 K 歌功能开发中，其他功能待整理提测 0630 泽陆反馈走兜底，预计0703完成 0706 走兜底的5个已完成，待泽陆更新表格 0707 剩1个泽陆预计0709完成，还有一个在泽陆备注左晨反馈这个功能无需开发，在与左晨确认无需开发是否还需要测试 0707 整车声场模式与音量调节 - 整车声场模式与音量调节，左晨会删除这一行/泽陆还剩一个接口预计0709完成 0710 1个api（语音控制音量调节 -语音控制蓝牙耳机音量 - 蓝牙耳机音量保护功能）云端bug 0730 meego票已解决，待泽陆反馈 | L26: @李强 @尹泽陆 | M26: https://meego.larkoffice.com/telematics/issue/detail/7344391775?parentUrl=%2Ftelematics%2Fissue%2Fhomepage&openScene=4&tabKey=comment#comment | N26: 03.10： 上汽已提供“声音设置补充的sdk包（补充接口）”sound-1.0.8.jar 。待@赵明珠:验证。 03.11： 「guixiang」提供接口使用文档 03.12： 第4，未找到API；@guixiang 第5，待上汽排期 @guixiang。--- 无麦K歌计划04.20提供；车外喊话04.10提供。 第6，待上汽内部确认实车标配是否1个蓝牙芯片不分区。@ guixiang -- 调后排蓝牙耳机音量即可。 无麦K歌5条，排期4/24 - 设置功能排期推迟到SOP+3， 产品需求未拉齐 非接口需求：1条 打开页面需求6.5条，已提供能力 【语音控制声音设置项】有7条需求确认不支持语音控制， 【语音控制多媒体外放模式】需求确认不支持语音控制，语音话术兜底。 关闭页面需求0.5条，预计4/16和字节沟通开发方案，4/30完成交付 --0519：导航静音问题延锋已修复，待版本释放验证 | O26: =P26/E26 | P26: 29 | Q26: =E26-P26 | R26: 04.15： 不支持蓝牙耳机音量控制、车内声浪、安全带提示音、AudioPilot 噪声补偿、倒车自动降音开关、bose音效、车外喊话、多媒体外放、无麦 K 歌。 04.16：需要连接蓝牙耳机（仅后排）才支持音量控制； 无麦 K 歌 排期-4/24 -- 功能开发推迟到SOP +3 0421： 车内声浪 -- 整车不支持 安全带提示音 -- 整车不支持 AudioPilot 噪声补偿-- 整车不支持 倒车自动降音开关 -- 整车不支持 bose音效 -- 整车不支持 车外喊话 -- 接口已提供 多媒体外放-- 整车不支持 | S26: IS4PR实车不支持语音控制，请上汽产品更新PRD。 | T26: 45 | U26: =T26/E26 | V26: =E26-T26 | W26: P0 | X26: ✅ | Y26: 05.15 | Z26: @尹泽陆 | AA26: @赵明珠 | AB26: =AG26/AH26 | AC26: =AG26 | AD26: =E26-AC26 | AE26: =AF26/AG26 | AF26: =COUNTIFS('系统设置'!Q67:Q129,"✅") | AG26: =COUNTIFS('系统设置'!Q67:Q129,"✅")+COUNTIFS('系统设置'!Q67:Q129,"❌")+COUNTIFS('系统设置'!Q67:Q129,"Block") | AH26: 63 | AI26: =AF26 | AJ26: =AH26-AF26 | AK26: =AG26-AF26 | AL26: 字节-刘晓帝 | AM26: https://bytedance.larkoffice.com/record/SuwKra2WIemt0ncCrjvckCZBnPe https://bytedance.larkoffice.com/record/GUokrBw8FeM5GTckVr4cEQUan0e https://bytedance.larkoffice.com/record/FpVarjQL1etK2wcuvyvcII72nWe https://bytedance.larkoffice.com/record/SA2BrppIfeFDG8cFrAfc7ttvnUg https://bytedance.larkoffice.com/record/QmOQrFhNoesB1scYlDTcHZg2n2b https://bytedance.larkoffice.com/record/VzgXrHJ28e7aDpcA00GcTF2mnld https://bytedance.larkoffice.com/record/VwPirxnh8eRnihc4XrScBbcun3g https://bytedance.larkoffice.com/record/VtAdrUG7DeQT12cVK28cYJEyn2P https://bytedance.larkoffice.com/record/Kuejre0LFejN2WcXXePcQ8rVntc https://bytedance.larkoffice.com/record/Tg97rhktlet3uOcsBo5cWzjynhf | AP26: 系统设置 | AQ26: =AH26-E26 | AR26: @尹泽陆 模块表研发进展数据与进度表对不上，请确认并更新- 已更新 | AU26: 周二 | AV26: 8
B27: 系统设置开关 | C27: 已完成 | D27: 8 | E27: 6 | F27: =G27/E27 | G27: 6 | H27: =E27-G27 | I27: 6 | J27: =I27/E27 | K27: 0601 敬思遇到bug已在微信群找了上汽 桂祥，等反馈 0603上汽反馈不需要我们新增intent，原有接口可直接弹出二次确认弹框/0608 进度表写接8个，模块表有2个“无此需求”已问敬思什么情况 0608:2个api上汽研发反馈“打开蓝牙耳机开关”当前没有API接口，需与上汽产品确认 0622 A票问题已修复可复测 0702 问邹泽文上述情况如何推进，他说需要与上汽产品同事确认一下 0708 已追邹泽文，他已问上汽内部沟通，等反馈/泽文说问了，有这个功能，等泽文拉上汽研发进群沟通 0709 泽文拉了群，在与上汽研发确认 0710 宇新在确认上汽的反馈是否可用，今晚前给结论 0713 上汽产品邹泽文最终决定【开发反馈没有蓝牙耳机开关，先不做】 | N27: 3.17 目前只剩WiFi开关待验证3.18已跑通 | O27: =P27/E27 | P27: 6 | Q27: =E27-P27 | T27: 6 | U27: =T27/E27 | V27: =E27-T27 | W27: P0 | X27: ✅ | Y27: 03.13 | Z27: @高宇新 | AA27: @余明明 | AB27: =AG27/AH27 | AC27: =AG27 | AD27: =E27-AC27 | AE27: =AF27/AG27 | AF27: =COUNTIFS('系统设置'!Q2:Q9,"✅") | AG27: =COUNTIFS('系统设置'!Q2:Q9,"✅")+COUNTIFS('系统设置'!Q2:Q9,"❌")+COUNTIFS('系统设置'!Q2:Q9,"Block") | AH27: 6 | AI27: =AF27 | AJ27: 0 | AK27: =AG27-AF27 | AL27: 字节-刘晓帝 PASS | AP27: 系统设置 | AQ27: =AH27-E27
B28: 屏幕亮度 | C28: 已完成 | D28: 11 | E28: 11 | F28: =G28/E28 | G28: 11 | H28: =E28-G28 | I28: 11 | J28: =I28/E28 | K28: 1、getBackLightBrightness 获取屏幕亮度始终为0 0615、0622 开发名下无bug，测试有1个case没过，与测试刘晓帝确认bug | O28: =P28/E28 | P28: 11 | Q28: =E28-P28 | T28: 11 | U28: =T28/E28 | V28: =E28-T28 | W28: P0 | X28: ✅ | Y28: 03.13 | Z28: @谢一鸣 | AA28: @尹泽陆 | AB28: =AG28/AH28 | AC28: =AG28 | AD28: =E28-AC28 | AE28: =AF28/AG28 | AF28: =COUNTIFS('系统设置'!Q10:Q20,"✅") | AG28: =COUNTIFS('系统设置'!Q10:Q20,"✅")+COUNTIFS('系统设置'!Q10:Q20,"❌")+COUNTIFS('系统设置'!Q10:Q20,"Block") | AH28: 11 | AI28: =AF28 | AJ28: =AH28-AF28 | AK28: =AG28-AF28 | AL28: 上汽 FAIL 字节-刘晓帝 FAIL | AM28: https://bytedance.larkoffice.com/record/InxIryuKneOrkEc7gXxc8Ftvnzb https://bytedance.larkoffice.com/record/Yki8raciieLBemcU9DMcffK0nqd | AP28: 系统设置 | AQ28: =AH28-E28 | AR28: @刘晓帝 进度表100%，模块表测试状态还有❌，请确认并更新-已完成
B29: 屏保 | C29: 已完成 | D29: 6 | E29: 6 | F29: =G29/E29 | G29: 6 | H29: =E29-G29 | I29: 6 | J29: =I29/E29 | K29: 4.16： 6个功能控制接口返回值异常，已收集待上汽排查问题。 04.20：@刘敬思更新最新进展4.21待上汽分析bug 04.21：@刘敬思调整使用逻辑后自测 4.22 打开退出屏保仍有bug待上汽排查，切换屏保功能正常4.22屏保打开关闭，样式切换都已修复，但是253的车打开屏保始终进入黑色屏保样式 0527:@赵晓健@刘晓帝 确认完成测试时间 0615、0622 开发名下无bug，测试有2个case没过，与测试刘晓帝确认bug | O29: =P29/E29 | P29: 6 | Q29: =E29-P29 | T29: 6 | U29: =T29/E29 | V29: =E29-T29 | W29: P2 | Y29: 4.22 | Z29: @高宇新 | AA29: @余明明 | AB29: =AG29/AH29 | AC29: =AG29 | AD29: =E29-AC29 | AE29: =AF29/AG29 | AF29: =COUNTIFS('系统设置'!Q21:Q26,"✅") | AG29: =COUNTIFS('系统设置'!Q21:Q26,"✅")+COUNTIFS('系统设置'!Q21:Q26,"❌")+COUNTIFS('系统设置'!Q21:Q26,"Block") | AH29: 6 | AI29: =AF29 | AJ29: =AH29-AF29 | AK29: =AG29-AF29 | AL29: 字节-郑永超 FAIL | AM29: https://bytedance.larkoffice.com/record/RyfqrxP9jer9k0c4gkqcsjhSndb https://bytedance.larkoffice.com/record/WcAorFpQueI7lqcIZadcwbknnCd https://bytedance.larkoffice.com/record/G7xSrn6Bfe8crUcp8YAcV28rniH | AP29: 系统设置 | AQ29: =AH29-E29 | AR29: @刘晓帝 2条无此功能是否需要兜底测试？- 我也没看到研发备注走兜底回复呀
B30: 主题切换 | C30: 已完成 | D30: 5 | E30: 5 | F30: =G30/E30 | G30: 5 | H30: =E30-G30 | I30: 5 | J30: =I30/E30 | K30: 4.20缺jar包待上汽提供4.21待上汽分析bug 04.21：@刘敬思调整使用逻辑后自测4.22主题切换不生效待上汽排查 4.22字节：主题切换逻辑bug待排查修复4.23已修复bug 4.24UI切换到黑夜模式bug 0615、0622 开发名下无bug，测试有1个case没过，与测试刘晓帝确认bug | O30: =P30/E30 | P30: 5 | Q30: =E30-P30 | T30: 5 | U30: =T30/E30 | V30: =E30-T30 | W30: P2 | Y30: 04.24 | Z30: @高宇新 | AA30: @余明明 | AB30: =AG30/AH30 | AC30: =AG30 | AD30: =E30-AC30 | AE30: =AF30/AG30 | AF30: =COUNTIFS('系统设置'!Q27:Q31,"✅") | AG30: =COUNTIFS('系统设置'!Q27:Q31,"✅")+COUNTIFS('系统设置'!Q27:Q31,"❌")+COUNTIFS('系统设置'!Q27:Q31,"Block") | AH30: 5 | AI30: =AF30 | AJ30: =AH30-AF30 | AK30: =AG30-AF30 | AL30: 字节-刘晓帝 FAIL | AM30: https://bytedance.larkoffice.com/record/CfbTrbouhei7IGcLZficQk1TnPc https://bytedance.larkoffice.com/record/U5PmrChWJekPLRcK4zXcJuk8nIf | AP30: 系统设置 | AQ30: =AH30-E30 | AR30: @刘敬思 进度表已接5，模块表研发进展“进行中”，请确认并更新-
B31: 壁纸切换 | C31: 已完成 | D31: 4 | E31: 4 | F31: =G31/E31 | G31: 4 | H31: =E31-G31 | I31: 4 | J31: =I31/E31 | K31: 已具备 04.22 左晨：功能一重新打开，需要再确认接口，如有继续开发，如无则标记block 04.22 05.05 05.15 功能1 缺少 FC 05.26：验证“壁纸设置”FC函数 06.01 “壁纸设置”FC函数验证通过，功能开发完毕 0615、0622 开发名下无bug，测试有1个case没过，与测试刘晓帝确认bug | O31: =P31/E31 | P31: 4 | Q31: =E31-P31 | T31: 4 | U31: =T31/E31 | V31: =E31-T31 | W31: P2 | Z31: @尹泽陆 | AA31: @樊晓天 | AB31: =AG31/AH31 | AC31: =AG31 | AD31: =E31-AC31 | AE31: =AF31/AG31 | AF31: =COUNTIFS('系统设置'!Q32:Q35,"✅") | AG31: =COUNTIFS('系统设置'!Q32:Q35,"✅")+COUNTIFS('系统设置'!Q32:Q35,"❌")+COUNTIFS('系统设置'!Q32:Q35,"Block") | AH31: 4 | AI31: =AF31 | AJ31: =AH31-AF31 | AK31: =AG31-AF31 | AL31: 字节-郑永超 FAIL | AP31: 系统设置 | AQ31: =AH31-E31
B32: 分屏 | C32: 已完成 | D32: 3 | E32: 2 | F32: =G32/E32 | G32: 2 | H32: =E32-G32 | I32: 2 | J32: =I32/E32 | K32: 4.21：已在微信群沟通。 上汽产品侧反馈有需求，研发反馈没有需求。 已经让他们做信息拉齐了。 上汽接口block---上汽SRS反馈无此需求，待上汽产品澄清。 05.19：变更内容按新逻辑排期。本范围已完成。 | O32: =P32/E32 | P32: 3 | Q32: =E32-P32 | T32: 2 | U32: =T32/E32 | V32: =E32-T32 | W32: P2 | Y32: 05.05 | Z32: @杨忠谕 | AA32: @高宇新 | AB32: =AG32/AH32 | AC32: =AG32 | AD32: =E32-AC32 | AE32: =AF32/AG32 | AF32: =COUNTIFS('系统设置'!Q38:Q39,"✅") | AG32: =COUNTIFS('系统设置'!Q38:Q39,"✅")+COUNTIFS('系统设置'!Q38:Q39,"❌")+COUNTIFS('系统设置'!Q38:Q39,"Block") | AH32: 2 | AI32: =AF32 | AJ32: =AH32-AF32 | AK32: =AG32-AF32 | AL32: 字节-郑永超 FAIL | AM32: https://bytedance.larkoffice.com/record/S1CprG4p4e8Ko7ct8tFcOSzQnZf | AP32: 系统设置 | AQ32: =AH32-E32 | AR32: @王东旭1条无此功能是否需要兜底测试？-已完成
B33: 热点 | C33: 【火山】待问题修复 | D33: 4 | E33: 4 | F33: =G33/E33 | G33: 4 | H33: =E33-G33 | I33: 4 | J33: =I33/E33 | K33: 接口int参数对应几，切换频段为2.4或5hz 03.12： 热点接口奔溃3.18已解决 3.23： API返回值问题，导致tts播报异常。3.27已解决 4.2二级判断添加，已完成 0615、0622 开发名下无bug，测试有1个case没过，与测试王东旭确认bug | N33: 03.05： int型对应频段映射关系说明。@刘敬思按常量传值。 03.12: 调整使用方式后尝试 3.17 sdk执行异常，待抓日志让上汽分析@刘敬思 待guixiang协助分析反馈。 03.23：待「guixiang」分析反馈。 03.24：@刘敬思debug再分析 | O33: =P33/E33 | P33: 4 | Q33: =E33-P33 | T33: 4 | U33: =T33/E33 | V33: =E33-T33 | W33: P0 | X33: ✅ | Y33: 03.06 | Z33: @高宇新 | AA33: @尹泽陆 | AB33: =AG33/AH33 | AC33: =AG33 | AD33: =E33-AC33 | AE33: =AF33/AG33 | AF33: =COUNTIFS('系统设置'!Q41:Q44,"✅") | AG33: =COUNTIFS('系统设置'!Q41:Q44,"✅")+COUNTIFS('系统设置'!Q41:Q44,"❌")+COUNTIFS('系统设置'!Q41:Q44,"Block") | AH33: 4 | AI33: =AF33 | AJ33: =AH33-AF33 | AK33: =AG33-AF33 | AL33: 上汽 FAIL 字节-王东旭 FAIL | AM33: https://bytedance.larkoffice.com/record/McRSr2rVBeIG93cOKO0cmSnKnjM | AP33: 系统设置 | AQ33: =AH33-E33
B34: 蓝牙 | C34: 已完成 | D34: 4 | E34: 4 | F34: =G34/E34 | G34: 4 | H34: =E34-G34 | I34: 4 | J34: =I34/E34 | K34: 03.12： 1始终播放音频有bug 2打开蓝牙可被发现开关是否同时开启打开蓝牙开关？关闭蓝牙可被发现开关是否同时关闭蓝牙开关？ 3.关闭蓝牙可被发现开关，调用之后不生效，有时候会把蓝牙开关关闭 3.19蓝牙耳机需求 待确认 3.20同上需求待左晨确认 3.23： API返回值问题，导致tts播报异常。3.26已解决完成 4.2二级判断添加，已完成 | N34: 1左图缺接口，蓝牙耳机音量接口支持，1和3非zoneapi需求 2始终播放手机音频开关Settings.Global.BT_PLAY_PHONE_MEDIA_SWITCH解决中 03.12: 调整使用方式后尝试 3.17 耳机开关的逻辑待产品确认，上汽反馈只有开关，后排只有连接 @刘敬思 03.17： 蓝牙耳机开关需求，待PO反馈双方沟通结果。 03.18：明天17:00对PRD变更内容澄清会。3.19蓝牙耳机需求 待确认 03.23：待「guixiang」分析反馈。 03.24：@刘敬思debug再分析 | O34: =P34/E34 | P34: 4 | Q34: =E34-P34 | T34: 4 | U34: =T34/E34 | V34: =E34-T34 | W34: P0 | X34: ✅ | Y34: 03.06 | Z34: @高宇新 | AA34: @尹泽陆 | AB34: =AG34/AH34 | AC34: =AG34 | AD34: =E34-AC34 | AE34: =AF34/AG34 | AF34: =COUNTIFS('系统设置'!Q45:Q48,"✅") | AG34: =COUNTIFS('系统设置'!Q45:Q48,"✅")+COUNTIFS('系统设置'!Q45:Q48,"❌")+COUNTIFS('系统设置'!Q45:Q48,"Block") | AH34: 4 | AI34: =AF34 | AJ34: =AH34-AF34 | AK34: =AG34-AF34 | AL34: 上汽 PASS 字节-王东旭 PASS | AP34: 系统设置 | AQ34: =AH34-E34 | AR34: @王东旭 进度表总case数1，未通过4，请确认并更新-已完成
B35: 时间格式 | C35: 已完成 | D35: 2 | E35: 2 | F35: =G35/E35 | G35: 2 | H35: =E35-G35 | I35: 2 | J35: =I35/E35 | O35: =P35/E35 | P35: 2 | Q35: =E35-P35 | T35: 2 | U35: =T35/E35 | V35: =E35-T35 | W35: P1 | X35: ✅ | Z35: @杨忠谕 | AA35: @高宇新 | AB35: =AG35/AH35 | AC35: =AG35 | AD35: =E35-AC35 | AE35: =AF35/AG35 | AF35: =COUNTIFS('系统设置'!Q49:Q50,"✅") | AG35: =COUNTIFS('系统设置'!Q49:Q50,"✅")+COUNTIFS('系统设置'!Q49:Q50,"❌")+COUNTIFS('系统设置'!Q49:Q50,"Block") | AH35: 2 | AI35: =AF35 | AJ35: =AH35-AF35 | AK35: =AG35-AF35 | AL35: 字节-刘晓帝 PASS | AP35: 系统设置 | AQ35: =AH35-E35
B36: 无线网络 | C36: 【火山】待问题修复 | D36: 1 | E36: 1 | F36: =G36/E36 | G36: 1 | H36: =E36-G36 | I36: 1 | J36: =I36/E36 | K36: 04.17 04.20 FC 目前不支持 需要婉婷确认时间 04.20 @廖婉婷FC不支持，排期中https://meego.larkoffice.com/telematics/story/detail/7163979318 05.05 05.15缺少 FC 05.26，06.03 FC没下发 跟踪算法进度 0615 泽陆尽快起bug推进 0618 云端修复完成，完成开发 0622 研发名下无bug | O36: =P36/E36 | P36: 1 | Q36: =E36-P36 | T36: 1 | U36: =T36/E36 | V36: 1 | W36: P2 | Z36: @尹泽陆 | AA36: @樊晓天 | AB36: =AG36/AH36 | AC36: =AG36 | AD36: =E36-AC36 | AE36: =AF36/AG36 | AF36: =COUNTIFS('系统设置'!Q51,"✅") | AG36: =COUNTIFS('系统设置'!Q51,"✅")+COUNTIFS('系统设置'!Q51,"❌")+COUNTIFS('系统设置'!Q51,"Block") | AH36: 1 | AI36: =AF36 | AJ36: =AH36-AF36 | AK36: =AG36-AF36 | AL36: 字节-刘晓帝 | AP36: 系统设置 | AQ36: =AH36-E36
B37: 软件升级 | C37: 已完成 | D37: 3 | E37: 3 | F37: =G37/E37 | G37: 3 | H37: =E37-G37 | I37: 3 | J37: =I37/E37 | K37: 1.还未提供端状态的信息，待西钺确认 2.query:升级系统版本现在拒识/预约升级系统版本现在走车书 04.20：确认日期 西钺反馈；最快4月22日完成 05.19：上汽反馈OTA最新版本的状态目前还没有接口，需要确认方案 05.27：升级接口：adb shell am start -a com.zone.intent.tab.software -n com.zone.hmi.settings/com.zone.hmi.settings.ui.MainFragmentActivity --es SUB_ACTION subAction_ota 0528 @杨忠谕 ：待上汽确认接口 0601 杨忠谕：待产品提供端状态信息@吴仁杰/0622 仁杰还未反馈/0624 吴仁杰未反馈/0629仍未提供/0701 找过吴仁杰，翻一下聊天记录进展/0701仁杰：这个@韩天亮 已经提需求给到上汽了，等对方给反馈。 0707 1个api（版本检查）上汽0703给的接口有问题，待忠谕提票 0710 忠谕反馈接口有问题，在找上汽排查 | O37: =P37/E37 | P37: 2 | Q37: =E37-P37 | R37: 04.15：实车不支持软件升级控制 04.16：前置要求账号登录（当前账号登录失败） 04.19：已解决账号登录。 | T37: 2 | U37: =T37/E37 | V37: =E37-T37 | W37: P2 | Y37: 05.05 | Z37: @杨忠谕 | AA37: @樊晓天 | AB37: =AG37/AH37 | AC37: =AG37 | AD37: =E37-AC37 | AE37: =AF37/AG37 | AF37: =COUNTIFS('系统设置'!Q52:Q54,"✅") | AG37: =COUNTIFS('系统设置'!Q52:Q54,"✅")+COUNTIFS('系统设置'!Q52:Q54,"❌")+COUNTIFS('系统设置'!Q52:Q54,"Block") | AH37: 3 | AI37: =AF37 | AJ37: =AH37-AF37 | AK37: =AG37-AF37 | AL37: 字节-郑永超 FAIL | AP37: 系统设置 | AQ37: =AH37-E37 | AR37: @杨忠谕 0527接口升级后下一步动作？- 待上汽确认接口 @王东旭 模块表2条测试进展✅，进度表测试数据对不上，请确认并更新-已完成
B38: 车机快速启动 | C38: 已完成 | D38: 2 | E38: 2 | F38: =G38/E38 | G38: 2 | H38: =E38-G38 | I38: 2 | J38: =I38/E38 | O38: =P38/E38 | P38: 2 | Q38: =E38-P38 | T38: 2 | U38: =T38/E38 | V38: =E38-T38 | W38: P2 | Z38: @杨忠谕 | AA38: @樊晓天 | AB38: =AG38/AH38 | AC38: =AG38 | AD38: =E38-AC38 | AE38: =AF38/AG38 | AF38: =COUNTIFS('系统设置'!Q55:Q56,"✅") | AG38: =COUNTIFS('系统设置'!Q55:Q56,"✅")+COUNTIFS('系统设置'!Q55:Q56,"❌")+COUNTIFS('系统设置'!Q55:Q56,"Block") | AH38: 2 | AI38: =AF38 | AJ38: =AH38-AF38 | AK38: =AG38-AF38 | AL38: 字节-刘晓帝 PASS | AP38: 系统设置 | AQ38: =AH38-E38
B39: 权限管理 | C39: 【火山】待开发 | D39: 4 | E39: 4 | F39: =G39/E39 | G39: 4 | H39: =E39-G39 | I39: 4 | J39: =I39/E39 | K39: setPermissionStatus（string,string,int）和setPermissionStatus（string,string,int,int,int）区别是？对应参数值传啥？ 4.10字节：缺fc4.27进行中 05.26： 4个api（向指定应用授予指定权限、向指定应用取消授权、指定权限指定权限授权、指定应用授权） 缺少FC下发 跟踪算法进度 @廖婉婷；@刘敬思需要应用列表（对应包名）找下@左晨，已拿到包名 0616:麦克风声音权限无fc参数下发，地图权限254实车不支持/0617 fc表已有，下发问题找算法/0629 敬思提jira bug给上汽 0707 待高宇新确认实际进展/0708转给明珠继续 0730 明珠说已经处理了，等✅ | L39: @赵明珠 | M39: http://jira.z-onesoftware.com:8080/browse/DNA-2649 | O39: =P39/E39 | P39: 4 | Q39: =E39-P39 | T39: 4 | U39: =T39/E39 | V39: =E39-T39 | W39: P2 | X39: ✅ | Y39: 5月15号 | Z39: @赵明珠 | AA39: @余明明 | AB39: =AG39/AH39 | AC39: =AG39 | AD39: =E39-AC39 | AE39: =AF39/AG39 | AF39: =COUNTIFS('系统设置'!Q57:Q60,"✅") | AG39: =COUNTIFS('系统设置'!Q57:Q60,"✅")+COUNTIFS('系统设置'!Q57:Q60,"❌")+COUNTIFS('系统设置'!Q57:Q60,"Block") | AH39: 4 | AI39: =AF39 | AJ39: =AH39-AF39 | AK39: =AG39-AF39 | AL39: 字节-刘晓帝 | AP39: 系统设置 | AQ39: =AH39-E39
B40: 系统重置 | C40: 已完成 | D40: 1 | E40: 1 | F40: =G40/E40 | G40: 1 | H40: =E40-G40 | I40: 0 | J40: =I40/E40 | K40: 恢复系统设置，整体的流程，有提前几个逻辑的判断，以及最终的控制也是打开页面让用户手动控制，整体风险还OK。 不需要删除。 04.15：实车不支持系统重置 04.16：前置要求账号登录（当前账号登录失败） 04.17 给了新方案，对接中 04.18 自测中，待上汽给出满足前置条件的测试方案 04. 20 1、上汽：前置条件的测试方案需要找产品，目前在联系左晨。 2、左晨：抓 log给上汽排查。 04.21： 待上汽产品提供前置条件描述。 -- 微信群已反馈给左晨 05.05 05.15 上汽产品未提供前置条件描述 0521 FC 无下发，已反馈 0527:@赵晓健@刘晓帝输出测试排期 上汽前置条件无法通过 无法给排期 0529上汽前置条件无法通过，已提票排查 0608 泽陆反馈上汽给的接口逻辑与实际不符，在与上汽确认（微信群），如果是逻辑正确，就让开发调查bug，如果逻辑对不起就让产品对齐逻辑 0610:待客户反馈 0611 找到上汽对接人雷畅，泽陆直接与雷畅对接此问题 0611 FC 失效 已提交云端排查 recvkIZQCdFqpL 左晨/0617 fc表已有，下发问题找算法 0618 FC未下发，已提云端修复/ 0622 仍未修复 /0701 内部bug 0707 泽陆反馈fc行了，但功能还不行，让他尽快提jira bug | O40: =P40/E40 | P40: 1 | Q40: =E40-P40 | T40: 1 | U40: =T40/E40 | V40: 1 | W40: P2 | Y40: 上汽前置条件无法通过，已提票排查 | Z40: @尹泽陆 | AA40: @樊晓天 | AB40: =AG40/AH40 | AC40: =AG40 | AD40: =E40-AC40 | AE40: =AF40/AG40 | AF40: =COUNTIFS('系统设置'!Q61,"✅") | AG40: =COUNTIFS('系统设置'!Q61,"✅")+COUNTIFS('系统设置'!Q61,"❌")+COUNTIFS('系统设置'!Q61,"Block") | AH40: 1 | AI40: =AF40 | AJ40: =AH40-AF40 | AK40: =AG40-AF40 | AL40: 字节-郑永超 | AP40: 系统设置 | AQ40: =AH40-E40
B41: 安全控制 | C41: 已完成 | D41: 5 | E41: 4 | F41: =G41/E41 | G41: 4 | H41: =E41-G41 | I41: 4 | J41: =I41/E41 | K41: 4.2： 1下电功能正常，但开关无线充电面板ui无响应，2允许行车播放视频开关ui无响应，fc下发相反 @刘敬思提供log及视频给guixiang分析4.3UI无反应待上汽排查问题,我这边按guixiang给的adb可以抓取到参数 4.10 上述问题依然存在4.13打开播放行车视频253车硬件有问题4.14：打开播放行车视频253车硬件有问题 4.16：无线充电开关UI无响应，行车播放视频bug待上汽修复 4.21：待上汽分析bug---已反馈待@刘敬思排查自测4.22行车播放视频bug待上汽排查 4.25上汽：安全控制UI无响应 4.27 补了关闭电源逻辑默认返回不支持;上汽确认不支持了，实际的api总数应为4个 4.27打开行车播放视频UI无响应待上汽修复 5.06 打开行车播放视频日志流程正确，豆包显示功能受限 车内电源 - 打开、关闭 涉及到驾驶安全，待产品澄清 5.09 语音关闭车内电源已修改成需要用户手动确认，已自测 与桂祥确认过，不能语音上电。 05.19：由@梁宇开发实现，@余明明关注更新状态。 0602.已自测，如果打开行车播放视频开关失败，请告诉豆包你现在是P档驻车/确认负责的测试人员是否建bug推进 0608 行车播放视频开关需要二次确认 0609 桂祥确认【行车播放视频开关】无【配置】和【禁用】需求。0618已反馈给左晨，待产品确认。 0610:找上汽产品确认是否有对应的功能； 0613:已自测ok 0707 明明在找上汽的人确认关电以后，豆包应该是不可用的，那开电的功能就没必要做了 0708 发现电源打开接口怀君标了【NA（车控接口）】，在与他确认是否看NA无此功能/怀君确认NA就是没这功能，这个接口不用做 | O41: =P41/E41 | P41: 4 | Q41: =E41-P41 | R41: 04.16： 行车播放视频开关UI无响应 | S41: 46172 | T41: 4 | U41: =T41/E41 | V41: =E41-T41 | W41: P0 | X41: ✅ | Y41: 待上汽排期修复 4.30 打开行车播放视频日志流程正确，豆包话术显示功能受限 | Z41: @余明明 | AA41: @高宇新 | AB41: =AG41/AH41 | AC41: =AG41 | AD41: =E41-AC41 | AE41: =AF41/AG41 | AF41: =COUNTIFS('系统设置'!Q63:Q66,"✅") | AG41: =COUNTIFS('系统设置'!Q63:Q66,"✅")+COUNTIFS('系统设置'!Q63:Q66,"❌")+COUNTIFS('系统设置'!Q63:Q66,"Block") | AH41: 4 | AI41: =AF41 | AJ41: =AH41-AF41 | AK41: =AG41-AF41 | AL41: 字节-刘晓帝 FAIL | AM41: https://bytedance.larkoffice.com/record/QGV6rg2rmemOEJcTZKacf3mknmg | AP41: 系统设置 | AQ41: =AH41-E41
A42: 通讯 | B42: 蓝牙电话 | C42: 已完成 | D42: 24 | E42: 24 | F42: =G42/E42 | G42: 24 | H42: =E42-G42 | I42: 24 | J42: =I42/E42 | K42: 4.2进行中4.3进行中 4.22: 云端不下发：语音取消拨打电话、语音拒接电话、同步通讯录 / 通话记录、查看通讯录 / 通话记录、查找联系人电话/第二个FC问题待修复 -- 字节。 5.19: 连接蓝牙未同步通讯录，调用拨打即接口成功但实际未拨打，以提供日志给上汽。 0608 忠谕反馈偶发fc问题，忠谕再验一下看看频率，再看后续如何推进 0615、0622 开发已全提测且名下无bug，与测试郑永超确认bug | O42: =P42/E42 | P42: 24 | Q42: =E42-P42 | T42: 24 | U42: =T42/E42 | V42: =E42-T42 | W42: P1 | X42: ✅ | Y42: 05.05 | Z42: @杨忠谕 | AA42: @谢一鸣 | AB42: =AG42/AH42 | AC42: =AG42 | AD42: =E42-AC42 | AE42: =AF42/AG42 | AF42: =COUNTIFS('通讯'!P2:P25,"✅") | AG42: =COUNTIFS('通讯'!P2:P25,"✅")+COUNTIFS('通讯'!P2:P25,"❌")+COUNTIFS('通讯'!P2:P25,"Block") | AH42: 23 | AI42: =AF42 | AJ42: =AH42-AF42 | AK42: =AG42-AF42 | AL42: 字节-刘晓帝 FAIL | AM42: https://bytedance.larkoffice.com/record/TFBvrlifDeSMvicwjnkcdh02npf https://bytedance.larkoffice.com/record/KIfDrBW5cevEG9cbtajcYy6Vnqh https://bytedance.larkoffice.com/record/MHDArBFRBe5AAxcDo1rc6kfjnhf https://bytedance.larkoffice.com/record/CJXhrOJYReOeVFcABBFc3mMXnPA https://bytedance.larkoffice.com/record/TGW7rrcyMeAurucbLa9cQYd4nDe https://bytedance.larkoffice.com/record/RmoVrj8naeIafWcaBJ0cGkTrn1N https://bytedance.larkoffice.com/record/Vi4zr7QbtenoshcVpyic2gbxnKe https://bytedance.larkoffice.com/record/Ivn6rF5JseDkBqcQgAfc0PVBnsg https://bytedance.larkoffice.com/record/ZWJErmgqkeTjsLcFkaRcRyVInMd https://bytedance.larkoffice.com/record/PG7frvlJoekJFCcUwQdccihSnsb https://bytedance.larkoffice.com/record/NlZyrvRCreozNDcrnkNcIXa6nRd | AP42: 通讯 | AQ42: =AH42-E42 | AR42: @郑永超 进度表总case31，但有34个api，请确认并更新-
B43: 车主直呼（视频通话） | C43: 已完成 | D43: 2 | E43: 2 | F43: =G43/E43 | G43: 2 | H43: =E43-G43 | I43: 2 | J43: =I43/E43 | K43: 0519：车主直呼（视频通话）延期了，而且还有需求追加，延期到5.0.5(6/21号)交付，接口排期6/16给字节 0622 怀君已提供给接口文档，已上传至模块表格那，@杨忠谕可以验证接口了 0622 提供接口文档仍缺少部分接口在微信群中反馈暂未回复，先验证已提供接口 0624 0429新需求做了变更，直接实现0429版本 0707 0429对应api，研发已提测，待测试验证 | N43: 0519：车主直呼（视频通话）延期了，而且还有需求追加，延期到5.0.5(6/21号)交付，接口排期6/16给字节 | P43: 2 | T43: 2 | U43: =T43/E43 | V43: =E43-T43 | W43: P1 | Y43: 05.22 | Z43: @杨忠谕 | AA43: @谢一鸣 | AB43: =AG43/AH43 | AE43: =AF43/AG43 | AF43: =COUNTIFS('通讯'!P26:P27,"✅") | AG43: =COUNTIFS('通讯'!P26:P27,"✅")+COUNTIFS('通讯'!P26:P27,"❌")+COUNTIFS('通讯'!P26:P27,"Block") | AH43: 2 | AI43: =AF43 | AJ43: =AH43-AF43 | AK43: =AG43-AF43 | AP43: 通讯 | AQ43: =AH43-E43
A44: 智能驾驶 | B44: 自动泊车 | C44: 【上汽】SDK文档接口实车卡点 | D44: 8 | E44: 3 | F44: =G44/E44 | G44: 3 | H44: =E44-G44 | I44: 1 | J44: =I44/E44 | K44: 03.31:未给到SDK 04.02：360的SDK包待提供@周怀君 04.03、4.10： 1、记忆泊车缺接口（上汽反馈没有收到该需求） 2、泊入和泊出功能缺少5个接口 04.21:实车PDC雷达静音开关不可用 =》上汽反馈明天弄好 =》 04.22：实车测试PDC雷达静音开关还是不可用 =》上汽反馈未合入 =》 04.23：实车还是不支持测试 =》 上汽反馈合并到下一个版本中 => 04.27：PDC雷达静音开关不可用 => 04.28： 已抓取全量日志给上汽分析 =》上汽反馈需要给他们提票 => 04.30:上汽工程师正在解决这个问题(api 接口改到8月底提供) 0528 5个api等sop+3，2个 api上汽反馈0830才能好 0701 怀君NA掉了sop+3的几个 0422 2个api（控制 PDC 雷达静音开关 - 打开/关闭）上汽0830才能提供，待一鸣提jira bug 0709 与怀君确认是毛富龙负责，已将票指给毛富龙 | L44: @谢一鸣 | M44: 上汽0830才能完成此功能http://jira.z-onesoftware.com:8080/browse/DNA-2898 | N44: 03.24： @周怀君先确认下语音控制智能驾驶相关的API状态。 03.26、03.27: 待释放SRS @张葵 泊车相关排期SOP+ @邱巧华 自动泊车产品变更，仅保留已有接口功能，待更新PRD - @陈振英 | O44: =P44/E44 | P44: 1 | Q44: =E44-P44 | T44: 1 | U44: =T44/E44 | V44: =E44-T44 | W44: P0 | X44: ✅ | Y44: 09.11 | Z44: @谢一鸣 | AA44: @尹泽陆 | AB44: =AG44/AH44 | AC44: 1 | AD44: =E44-AC44 | AE44: =AF44/AG44 | AF44: =COUNTIFS('智能驾驶✅'!P2:P9,"✅") | AG44: =COUNTIFS('智能驾驶✅'!P2:P9,"✅")+COUNTIFS('智能驾驶✅'!P2:P9,"❌")+COUNTIFS('智能驾驶✅'!P2:P9,"Block") | AH44: 8 | AI44: =AF44 | AJ44: =AH44-AF44 | AK44: =AG44-AF44 | AL44: 字节-刘晓帝 FAIL | AP44: 智能驾驶 | AQ44: =AH44-E44 | AR44: @方令平 排期SOP是否算当前车系使用？- @谢一鸣 模块表研发进展3✅，进度表已接1，请确认并更新-完成更新 @刘晓帝 5个api是sop，另外3个研发已接，为何进度表总case数为空？-研发哪里接了3个？ 已完成
B45: 智驾行车 | C45: 【上汽】SDK文档接口实车卡点 | D45: 4 | E45: 4 | F45: =G45/E45 | G45: 4 | H45: 0 | I45: 4 | J45: =I45/E45 | K45: 03.31:智驾行程待上汽内部评估反馈API支持计划。 05.26：语音控制变道API待验证 05.27：验证api调用返回3000005 0528 12行api sop+/2个api研发进展备注0530，@张王成 0602：变道无法验证，需要上汽提供P基线进行验证，跟车时距自测通过，巡航时距和辅助驾驶风格待测试 ； 0610：辅助驾驶风格FC问题已经修复，依赖实车测试； 巡航速度：调用上汽api成功 巡航时距：调用上汽api成功 驾驶风格：调用上汽api成功 变道：调用上汽api成功，但是没有收到变道的回调，已提bug给上汽，找一下bug/ 0622 上汽还在排查中 / 0624 上汽bug仍未fixed/0707 上汽修复时间0724（工程版本）{} --在0718与晓颖确认是否已刷版本 0720 已问董晓颖，等反馈 | L45: @董晓颖 | M45: http://jira.z-onesoftware.com:8080/browse/DNA-1891 | N45: 【语音控制变道】是智驾SOP+需求 4个api，研发已接，1个自测通过，3个需要条，在约上汽司机和车 | O45: =P45/E45 | P45: 0 | Q45: =E45-P45 | T45: 3 | U45: =T45/E45 | V45: =E45-T45 | W45: P0 | X45: ✅ | Y45: 2026/05/30 | Z45: @谢一鸣 | AA45: @尹泽陆 | AB45: =AG45/AH45 | AC45: 0 | AD45: =E45-AC45 | AE45: =AF45/AG45 | AF45: =COUNTIFS('智能驾驶✅'!P10:P13,"✅") | AG45: =COUNTIFS('智能驾驶✅'!P10:P13,"✅")+COUNTIFS('智能驾驶✅'!P10:P13,"❌")+COUNTIFS('智能驾驶✅'!P10:P13,"Block") | AH45: 4 | AI45: =AF45 | AJ45: =AH45-AF45 | AK45: =AG45-AF45 | AL45: 上汽——IPD 邓一名 | AP45: 智能驾驶 | AQ45: =AH45-E45
A46: 多媒体 | B46: 通用控制 | C46: 【火山】产品功能待澄清,【火山】待问题修复 | D46: 27 | E46: 27 | F46: =G46/E46 | G46: 27 | H46: =E46-G46 | I46: 27 | J46: =I46/E46 | K46: 4.17 1.通用控制播放存在播放失败情况 2.打开/关闭歌单操作调用无反应 已提供log--上汽 3.不打开QQ音乐时 query="我要听音乐" 搜索未自动播放 已提供log--上汽 @罗文彬 需要上汽接力排查。 4.歌词对接 音乐抢焦点 导致无法播放 5.目前音乐不支持音质调节、倍速、快进快退 目前已兜底提示 6.播放端状态不回调 【上汽回复】4/24提供 7.视频端状态 返回的不全 --上汽 @罗文彬 05.19 双方产品标Y交集范围 @guixiang 提供下多媒体HMI的包 04.28 0527:@赵晓健@刘晓帝更新测试排期 0528: AI手机融合需求没有需求 0529 @田高琳 ： 28行api研发备注“反馈无该需求” from 上汽罗工和字节产品吴仁杰？tbc 0615 开发有1个api产品需要重新出方案-左晨，剩余api都提测且名下无bug，与测试刘晓帝确认bug/ 、0622研发名下无bug 0708 与令平确认，与手车互联一起pending到9月5号 | L46: @左晨 | N46: 5. base的乘用车项目没有此功能， 待确认需求后排期 - @罗文彬 4/21 | O46: =P46/E46 | P46: 27 | Q46: =E46-P46 | T46: 26 | U46: =T46/E46 | V46: =E46-T46 | W46: P0 | X46: ✅ | Y46: 46140 | Z46: @田高琳 | AA46: @徐嘉 | AB46: =AG46/AH46 | AC46: 26 | AD46: 1 | AE46: =AF46/AG46 | AF46: =COUNTIFS('多媒体'!S2:S28,"✅") | AG46: =COUNTIFS('多媒体'!S2:S28,"✅")+COUNTIFS('多媒体'!S2:S28,"❌")+COUNTIFS('多媒体'!S2:S28,"Block") | AH46: 27 | AI46: =AF46 | AJ46: =AH46-AF46 | AK46: =AG46-AF46 | AL46: 字节-刘晓帝 FAIL | AM46: https://bytedance.larkoffice.com/record/WRFQrcGZqekMejcrbHHcen5Xn8d https://bytedance.larkoffice.com/record/KyMNrpjxue2o9Pcc0fYck6OInUf https://bytedance.larkoffice.com/record/CpqorzNDJeQH5zczdgjcXOlPnNg https://bytedance.larkoffice.com/record/R4uqrvluyeFMSuc9SW5cPYxxnHd https://bytedance.larkoffice.com/record/XQcxrgrIae14x5ceNtLcdiNGnFh https://bytedance.larkoffice.com/record/INyDrM4ijeQtnxcOEh8cPGePnoh https://bytedance.larkoffice.com/record/VcdlrLrnReGVYqccnCPcsFOLnrf https://bytedance.larkoffice.com/record/K9Hbr2Qo3eefbGc4eqEcugXQnbe https://bytedance.larkoffice.com/record/FxaErYPEHeAbGecUbh0c1irVnRd https://bytedance.larkoffice.com/record/MQCDrapjRe4jnacyqxQc2gY3ntg https://bytedance.larkoffice.com/record/V8S3rMqree35b1c9HdVcphennCc https://bytedance.larkoffice.com/record/S2kXrUDmyeGyzwc4espc4E7Vnzd https://bytedance.larkoffice.com/record/Qd3HrWvdQe7Y7MclTQvc52wbnWb https://bytedance.larkoffice.com/record/RCdJrso1Gex2p3cRpUocCIVCn3R https://bytedance.larkoffice.com/record/ZFgQrnJLXe8CLdcj6UkcpyGEnUe https://bytedance.larkoffice.com/record/G2gyrlbksefUNHckUlocVZ0Anoc https://bytedance.larkoffice.com/record/SGt2rF7OfefsiPc3dMocLBc7nRc https://bytedance.larkoffice.com/record/AOazrBQX0e3rNJcuIP5cLhTen9f https://bytedance.larkoffice.com/record/EPhZrHKC3eVNObcEb8pcMBvunnh | AP46: 多媒体 | AQ46: =AH46-E46 | AR46: @田高琳 模块表27api，研发进展26✅1空无备注（什么情况），进度表接25，请确认并更新- | AU46: 周二 | AV46: 9
B47: 语音控制音乐 | C47: 【火山】待测试,【火山】待问题修复 | D47: 18 | E47: 18 | F47: =G47/E47 | G47: 18 | H47: =E47-G47 | I47: 18 | J47: =I47/E47 | K47: 4.17 1.存在参数转换问题song_tag现在是聚合参数，映射为sdk需要的参数---字节@田高琳 04.20：今天完成api接口对接 1.打开MV/关闭MV/播放基于条件的指定MV。上汽无接口-上汽@罗文彬 已兜底提示 4.22 播放列表FC没有返回最近 返回的历史 已兜底提示 0527:@赵晓健@刘晓帝更新测试排期 0615、0622 开发名下无bug，与测试刘晓帝确认bug | N47: 产品PRD有需求， 实车无此功能，需产品确认并更新PRD -- 陈振英 0422：0323版本PRD上打开/关闭/播放MV已删除 | O47: =P47/E47 | P47: 27 | Q47: =E47-P47 | T47: 18 | U47: =T47/E47 | V47: =E47-T47 | W47: P0 | X47: ✅ | Y47: 46154 | Z47: @田高琳 | AB47: =AG47/AH47 | AC47: 18 | AD47: 0 | AE47: =AF47/AG47 | AF47: =COUNTIFS('多媒体'!S29:S46,"✅") | AG47: =COUNTIFS('多媒体'!S29:S46,"✅")+COUNTIFS('多媒体'!S29:S46,"❌")+COUNTIFS('多媒体'!S29:S46,"block") | AH47: 16 | AI47: =AF47 | AJ47: =AH47-AF47 | AK47: =AG47-AF47 | AL47: 字节-郑永超 FAIL | AP47: 多媒体 | AQ47: =AH47-E47 | AU47: 周二 | AV47: 9
B48: 语音控制本地电台 | C48: 已完成 | D48: 5 | E48: 5 | F48: =G48/E48 | G48: 5 | H48: =E48-G48 | I48: 5 | J48: =I48/E48 | K48: 4.18 1.未打开应用情况下 “我要听FM” 无法播放FM-上汽@罗文彬 2.从FM88.9切换至 “我要听FM” 无法播放-上汽@罗文彬 3.电台不支持AM -上汽@罗文彬 目前AM走的兜底话术提示 4.播放FM存在sdk超时问题 -(电台播放切换) 5.26 超时问题 罗工说已定位到 待修复 5.28 罗工反馈已经修复 待新版本多媒体sdk验证 0529 罗工反馈当前车上的版本已支持，可直接验，已同步田高琳尽快验证 0601 田高琳反馈验证可用 | N48: 产品PRD有需求， 实车没有AM（没有屏控按钮），需产品确认并更新PRD -- 陈振英 0422：PRD无AM收音机需求，用户说AM答复不支持 | O48: =P48/E48 | P48: 5 | Q48: =E48-P48 | T48: 5 | U48: =T48/E48 | V48: =E48-T48 | W48: P1 | Y48: 46148 | Z48: @田高琳 | AB48: =AG48/AH48 | AC48: 5 | AD48: 0 | AE48: =AF48/AG48 | AF48: =COUNTIFS('多媒体'!S47:S51,"✅") | AG48: =COUNTIFS('多媒体'!S47:S51,"✅")+COUNTIFS('多媒体'!S47:S51,"❌")+COUNTIFS('多媒体'!S47:S51,"block") | AH48: 5 | AI48: =AF48 | AJ48: =AH48-AF48 | AK48: =AG48-AF48 | AL48: 字节-刘晓帝 FAIL | AP48: 多媒体 | AQ48: =AH48-E48
B49: 语音控制在线广播 | C49: 【火山】待问题修复 | D49: 4 | E49: 4 | F49: =G49/E49 | G49: 4 | H49: =E49-G49 | I49: 4 | J49: =I49/E49 | K49: 4.18 上汽@罗文彬反馈当前PRD比较旧 目前只支持喜马拉雅 待产品澄清 拉齐一下功能需求 04.27：字节产品正在更新NLG @廖婉婷 05.05 1.上汽侧: 播放喜马拉雅无反应-上汽@罗文彬 05.19: 已提供喜马拉雅app支持台架调试，请字节开发验证 05.26：火山待验证反馈 0527: 0528开发完成； 0528 上汽已提供4api 待开发确认剩余2个api是否可用 @田高琳 0615、0622 开发名下无bug，与测试刘晓帝确认bug | N49: 在线广播和网络节目替换为纯三方的喜马拉雅， 三方媒体app不支持此功能， 接口返回不支持， 需要双方产品澄清 -- 陈振英 | O49: =P49/E49 | P49: 4 | Q49: =E49-P49 | T49: 4 | U49: =T49/E49 | V49: =E49-T49 | W49: P1 | Y49: 46150 | Z49: @田高琳 | AB49: =AG49/AH49 | AC49: 4 | AD49: =E49-AC49 | AE49: =AF49/AG49 | AF49: =COUNTIFS('多媒体'!S52:S55,"✅") | AG49: =COUNTIFS('多媒体'!S52:S55,"✅")+COUNTIFS('多媒体'!S52:S55,"❌")+COUNTIFS('多媒体'!S52:S55,"block") | AH49: 4 | AI49: =AF49 | AJ49: =AH49-AF49 | AK49: =AG49-AF49 | AL49: 字节-郑永超 | AP49: 多媒体 | AQ49: =AH49-E49 | AR49: @田高琳 进度表备注0528完成，是否代表接口都可用了？请确认并更新模块表-
B50: 语音控制网络节目 | C50: 【火山】待问题修复 | D50: 8 | E50: 8 | F50: =G50/E50 | G50: 8 | H50: =E50-G50 | I50: 8 | J50: =I50/E50 | K50: 05.05 1.上汽侧: 播放喜马拉雅无反应-上汽@罗文彬 05.19: 已提供喜马拉雅app支持台架调试，请字节开发验证 0527: 0528开发完成； 0528 56、57、58行三个api @田高琳 确认接口是否可用 0615、0622 开发名下无bug，与测试刘晓帝确认bug | N50: 在线广播和网络节目替换为纯三方的喜马拉雅， 三方媒体app不支持此功能， 接口返回不支持， 需要双方产品澄清 -- 陈振英 | O50: =P50/E50 | P50: 8 | Q50: =E50-P50 | T50: 8 | U50: =T50/E50 | V50: =E50-T50 | W50: P1 | Y50: 46150 | Z50: @田高琳 | AB50: =AG50/AH50 | AC50: 8 | AD50: =E50-AC50 | AE50: =AF50/AG50 | AF50: =COUNTIFS('多媒体'!S56:S63,"✅") | AG50: =COUNTIFS('多媒体'!S56:S63,"✅")+COUNTIFS('多媒体'!S56:S63,"❌")+COUNTIFS('多媒体'!S56:S63,"block") | AH50: 8 | AI50: =AF50 | AJ50: =AH50-AF50 | AK50: =AG50-AF50 | AL50: 字节-郑永超 | AP50: 多媒体 | AQ50: =AH50-E50 | AR50: @田高琳 请确认进度表里的备注是否影响模块表里的56、57、58这3个api？- @刘晓帝进度表里测试数据都是空的，请更新-已完成 | AS50: 1
B51: 多媒体应用开关 | C51: 已完成 | D51: 2 | E51: 2 | F51: =G51/E51 | G51: 2 | H51: =E51-G51 | I51: 2 | J51: =I51/E51 | K51: 4.17 指定应用开关打开无反应 1.目前的api需要支持在哪个屏幕打开 @罗文彬 =>04.20：上汽工程师未给反馈，今天继续跟进 04.27 周五怀君提供了个打开应用的方法 待验证 0527: @刘晓帝@赵晓健 确认测试排期 | O51: =P51/E51 | P51: 2 | Q51: =E51-P51 | T51: 2 | U51: =T51/E51 | V51: =E51-T51 | W51: P0 | X51: ✅ | Y51: 已对接 | Z51: @樊晓天 | AB51: =AG51/AH51 | AC51: 2 | AD51: 0 | AE51: =AF51/AG51 | AF51: =COUNTIFS('多媒体'!S64:S65,"✅") | AG51: =COUNTIFS('多媒体'!S64:S65,"✅")+COUNTIFS('多媒体'!S64:S65,"❌")+COUNTIFS('多媒体'!S64:S65,"block") | AH51: 2 | AI51: =AF51 | AJ51: =AH51-AF51 | AK51: =AG51-AF51 | AL51: 字节-刘晓帝 FAIL | AP51: 多媒体 | AQ51: =AH51-E51 | AU51: 周二 | AV51: 9
B52: 语音控制视频 | C52: 【火山】待问题修复 | D52: 10 | E52: 10 | F52: =G52/E52 | G52: 10 | H52: 0 | I52: 10 | J52: =I52/E52 | K52: 4.17 1.存在参数转换问题video_tag现在是聚合参数，sdk需要的是映射后的参数---字节@田高琳 => 04.22：今天完成问题处理 【上汽回复】已提供示例， 待字节验证 05.05 1.视频搜播调用无反应 已提供log--上汽@罗文彬 2.设置码率 3个 已提供log--上汽@罗文彬 3.播放视频 调用无反应 已提供log--上汽@罗文彬 4.暂停视频 调用无反应 已提供log--上汽@罗文彬 0527: @刘晓帝@赵晓健 确认测试排期 0615、0622 开发名下无bug，与测试刘晓帝确认bug | N52: 【全屏播放/退出全屏播放】确认无此语音控制需求， @蒋筱涵产品确认有此需求，逻辑为语音引导用户手动操作。已与字节拉齐需求，无需开发提供接口。需多媒体回调话术id，语音直接播报。 【播放收藏的视频 】【播放第X集】三方应用不支持；PRD已描述“注:其他三方视频类应用根据实际能力为准，需求侧不做硬性定义。”产品反馈，以三方能力为准（即不支持） | O52: =P52/E52 | P52: 8 | Q52: =E52-P52 | T52: 10 | U52: =T52/E52 | V52: =E52-T52 | W52: P0 | X52: ✅ | Y52: 46148 | Z52: @田高琳 | AB52: =AG52/AH52 | AC52: 10 | AD52: 0 | AE52: =AF52/AG52 | AF52: =COUNTIFS('多媒体'!S66:S75,"✅") | AG52: =COUNTIFS('多媒体'!S66:S75,"✅")+COUNTIFS('多媒体'!S66:S75,"❌")+COUNTIFS('多媒体'!S66:S75,"block") | AH52: 10 | AI52: =AF52 | AJ52: =AH52-AF52 | AK52: =AG52-AF52 | AL52: 字节-郑永超 FAIL | AP52: 多媒体 | AQ52: =AH52-E52 | AR52: @刘晓帝 进度表测试有数据，模块表测试进展全空，请补充- 已完成 | AU52: 周二 | AV52: 9
B53: 语音控制K歌 | C53: 已完成 | D53: 3 | E53: 3 | F53: =G53/E53 | G53: 3 | H53: =E53-G53 | I53: 3 | J53: =I53/E53 | K53: 依赖项: 1.目前不支持k歌 需上汽提供API @上汽桂祥 04.27 今天验证一下k歌版本 (4.16号-4.21车机版本) 04.27未收到新版多媒体sdk 05.06 依赖多媒体和台架版本 待自测-字节@田高琳 05.11 全民k歌拉不起来调用没反应 query=用全民k歌唱这首歌 05.19：@田高琳提供log给罗文彬分析 0527:0528完成验证转测试 05.29: 指定APP搜索内容FC缺少mediaSource=全民K歌-字节侧补充 @廖婉婷 0615、0622 开发名下无bug，与测试刘晓帝确认bug | N53: 05.19：待提供log后，支持分析排查问题 | O53: =P53/E53 | P53: 0 | Q53: =E53-P53 | T53: 3 | U53: =T53/E53 | V53: =E53-T53 | W53: P1 | Y53: 46139 | Z53: @田高琳 | AB53: =AG53/AH53 | AC53: 2 | AD53: =E53-AC53 | AE53: =AF53/AG53 | AF53: =COUNTIFS('多媒体'!S76:S78,"✅") | AG53: =COUNTIFS('多媒体'!S76:S78,"✅")+COUNTIFS('多媒体'!S76:S78,"❌")+COUNTIFS('多媒体'!S76:S78,"block") | AH53: 3 | AI53: =AF53 | AJ53: =AH53-AF53 | AK53: =AG53-AF53 | AL53: 字节-刘晓帝 FAIL | AP53: 多媒体 | AQ53: =AH53-E53 | AR53: @田高琳 进度表接api1个，模块表3个待自测，请确认并更新- | AS53: 1
B54: 语音控制镜像 | C54: 【上汽】SDK文档接口实车卡点,【火山】待问题修复 | D54: 4 | E54: 2 | F54: =G54/E54 | G54: 3 | H54: =E54-G54 | I54: 2 | J54: =I54/E54 | K54: 依赖项: 1.目前不支持语音控制镜像 需上汽提供API @上汽罗文彬 05.08：已释放sdk包 05.13:待开发验证-字节侧@田高琳 05.26:待补充剩余2条语义 -上汽@罗文彬 0527:0528完成验证转测试 0528 上汽已提供3api 待开发确认api是否可用 @田高琳 05:29 缺少打开镜像API-需上汽补充“语音打开镜像功能”，81行api不可用 0601 怀君反馈缺接口/0602 已追怀君接口ready时间 0602 邵凯：要先打开能支持镜像的app后才能发起镜像功能，没有直接打开镜像的功能。 田高琳继续推进 0604:跟字节产品确认这里的逻辑是否符合预期@田高琳/已拉高琳和左晨在一起确认等结果/产品薛灵钥反馈“需要确认下是否符合预期 在屏幕镜像前需要手动打开镜像APP”是符合预期的，即当前现状符合预期，接口阻碍解决 0615 确认经过 0615、0622 开发名下无bug，与测试刘晓帝确认bug 0616 上汽没有提供打开镜像的API/怀君反馈可以与桂祥对接技术细节，已让高琳联系桂祥/0622 催高琳尽快联系桂祥 | O54: =P54/E54 | P54: 0 | Q54: =E54-P54 | T54: 2 | U54: =T54/E54 | V54: =E54-T54 | W54: P1 | Y54: 46153 | Z54: @田高琳 | AB54: =AG54/AH54 | AC54: 2 | AD54: =E54-AC54 | AE54: =AF54/AG54 | AF54: =COUNTIFS('多媒体'!S80:S82,"✅") | AG54: =COUNTIFS('多媒体'!S80:S82,"✅")+COUNTIFS('多媒体'!S80:S82,"❌")+COUNTIFS('多媒体'!S80:S82,"block") | AH54: 3 | AI54: =AF54 | AJ54: =AH54-AF54 | AK54: =AG54-AF54 | AL54: 字节-刘晓帝 FAIL | AP54: 多媒体 | AQ54: =AH54-E54 | AR54: @田高琳 进度表里0527写0528体测，是否上汽已经给出全部api了？0528完成验证提测所有4个api吗？- 未给出全部api 目前只提供了2个 | AS54: 1
A55: 地图导航 | B55: 打开地图应用 | C55: 已完成 | D55: 2 | E55: 2 | F55: =G55/E55 | G55: 2 | H55: =E55-G55 | I55: 2 | J55: =I55/E55 | K55: 走应用控制的指定应用开关了 | N55: 03.06： 待上汽提供共识后的对接方案SDK及文档@周怀君 03.10： @张锐（@周怀君帮协调下）API集成文档待上汽内部协调提供。已block地图导航模块的技术对接。 03.11： 提供is4pr&5pm语音控制地图接口说明-3_11.docx 请@赵明珠:评估。 03.24：@周怀君:确认地图接口版本及状态。 04.16： 打开地图应用 - 关闭地图测试NG，4/14已解决 @张锐； 新增2条熟路模式设置项，排期4/17，@张锐 调整到4/22 提供 @张锐 05.26：地图相关问题现状，请@余明明:梳理清晰后，组织上汽现场会议05.27沟通推进。 05.27：主要两个问题： 1.车控：调用handleSpeechControlMap 返回speechProcessResultBean=null，所以一直上报执行失败，但HMI有变化； 2.端状态：部分接口模拟导航不回调触发，主动获取的接口字段不全； | O55: =P55/E55 | P55: 2 | Q55: =E55-P55 | T55: 2 | U55: =T55/E55 | V55: =E55-T55 | W55: P0 | X55: ✅ | Z55: @余明明 | AA55: @康楷朋 @赵明珠 | AB55: =AG55/AH55 | AC55: 2 | AD55: =E55-AC55 | AE55: =AF55/AG55 | AF55: =COUNTIFS('地图导航'!P2:P3,"✅") | AG55: =COUNTIFS('地图导航'!P2:P3,"✅")+COUNTIFS('地图导航'!P2:P3,"❌")+COUNTIFS('地图导航'!P2:P3,"block") | AH55: 2 | AI55: =AF55 | AJ55: =AH55-AF55 | AK55: =AG55-AF55 | AL55: 字节-刘晓帝 PASS | AP55: 地图导航 | AQ55: =AH55-E55 | AR55: 整个地图导航模块，@余明明 遇到调用问题，还在确认中，需要解决调用问题再推进-等高德应用更新到可用版本
B56: 收藏地点 | C56: 【火山】待问题修复 | D56: 2 | E56: 2 | F56: =G56/E56 | G56: 2 | H56: =E56-G56 | I56: 0 | J56: =I56/E56 | K56: 04.15：地图收藏接口2d、3D视角存在问题，已反馈 =》04.20:@赵明珠今天完成接口测试 04.20:地图方人员晚上会将新版本合入主线，待明天刷机后测试 04.21:刷机版本为DNA分支 04.22:已通知张锐老师，后续高德版本回合入DNA分支 04.23:下午已拿到最新版地图，待验证功能 04.25:FC不下发 0601.地图接口内部问题，已定位待解决/有上汽bug单 https://bytedance.larkoffice.com/record/PFRercs5WeJWclcT1RJc0ZtenNc 0608 有二次确认和地点选择的逻辑待开发补充，还需要与廖婉婷确认fc补充/确认好fc之后，开发需要2天 0611 初步确认实现方案，待实现0615 和廖婉婷与韩天亮确认的逻辑为：POI列表选点走地址收藏的FC；覆盖原地址的确认，按照蓝牙电话逻辑使用重复FC。 0615 接口返回执行指令超时 0616 地图上汽开发找张锐/明明：昨晚用他们最新包验证后发现：拥堵、途径点、服务区、地址收藏的接口还有问题。今天向他们要了上述问题自测通过的包，正在等回复。 0622 接口修复的包还未提供 0624 上汽黄林反馈今日给包 0629 上汽给包了，但是验证失败 0706 jira bug已close，明明验证一下 0707 明明反馈bug已修复，今晚发版带上 0708已能正常收藏家和公司地址，已自测 | O56: =P56/E56 | P56: 2 | Q56: =E56-P56 | T56: 2 | U56: =T56/E56 | V56: =E56-T56 | W56: P1 | X56: ✅ | Y56: 04.30 | AB56: =AG56/AH56 | AC56: 2 | AD56: =E56-AC56 | AE56: =AF56/AG56 | AF56: =COUNTIFS('地图导航'!P65:P66,"✅") | AG56: =COUNTIFS('地图导航'!P65:P66,"✅")+COUNTIFS('地图导航'!P65:P66,"❌")+COUNTIFS('地图导航'!P65:P66,"block") | AH56: 2 | AI56: =AF56 | AJ56: =AH56-AF56 | AK56: =AG56-AF56 | AL56: 字节-郑永超 FAIL | AM56: https://bytedance.larkoffice.com/record/PFRercs5WeJWclcT1RJc0ZtenNc | AP56: 地图导航 | AQ56: =AH56-E56
B57: 地址收藏 | C57: 已完成 | D57: 1 | E57: 1 | F57: =G57/E57 | G57: 1 | H57: =E57-G57 | I57: 0 | J57: =I57/E57 | K57: 04.20:地图方人员晚上会将新版本合入主线，待明天刷机后测试 04.21:刷机版本为DNA分支不是主线版本 04.22:已通知张锐老师，后续高德版本回合入DNA分支 04.23:下午已拿到最新版地图，带验证功能 0602.地址收藏如果返回收藏不成功，就是给的位置不支持搜藏，只能换地址收藏，黄林确认这个接口是正常的无法修改；（需求表里地址收藏只收藏当前位置，0602和黄林确认，接口可以收藏其他地址）/有上汽bug单 https://bytedance.larkoffice.com/record/Jtncr4RPWehLmLcoLhsclgw0nWd 0608 有二次确认和地点选择的逻辑待开发补充，还需要与廖婉婷确认fc补充/确认好fc之后，开发需要2天 0609 找思晴对实现方案 0611 初步确认实现方案，待实现0615 0615 接口返回null 0616 地图上汽开发找张锐/明明：昨晚用他们最新包验证后发现：拥堵、途径点、服务区、地址收藏的接口还有问题。今天向他们要了上述问题自测通过的包，正在等回复。 0622 接口修复的包还未提供 0624 上汽黄林反馈今日给包 0629 上汽给包了，但是验证失败 0706 jira bug已fixed，明明验一下 0707 明明反馈bug已修复，今晚发版带上 0708 目前功能已经可以正常使用，只能收藏当前位置，@韩天亮:说要根据失败结果重新返回话术，等待提供最终话术 | O57: =P57/E57 | P57: 1 | Q57: =E57-P57 | T57: 1 | U57: =T57/E57 | V57: =E57-T57 | W57: P1 | X57: ✅ | Y57: 04.30 | AB57: =AG57/AH57 | AC57: 1 | AD57: =E57-AC57 | AE57: =AF57/AG57 | AF57: =COUNTIFS('地图导航'!P67,"✅") | AG57: =COUNTIFS('地图导航'!P67,"✅")+COUNTIFS('地图导航'!P67,"❌")+COUNTIFS('地图导航'!P67,"block") | AH57: 1 | AI57: =AF57 | AJ57: =AH57-AF57 | AK57: =AG57-AF57 | AL57: 字节-郑永超 FAIL | AM57: https://bytedance.larkoffice.com/record/GV2qrvCnpeVIS1cjwzWcOWN5n4g | AP57: 地图导航 | AQ57: =AH57-E57 | AR57: @刘晓帝 进度表里看测试数据已经测试通过了，模块表还是❌，请确认并更新。-已完成 另外“0527.接口返回超时”下一步是什么，请注明-@贾学华这个不应该问开发吗？怎么需要我注明？ @余明明 | AS57: 1
B58: 收藏地址查看 | C58: 【火山】待测试 | D58: 1 | E58: 1 | F58: =G58/E58 | G58: 1 | H58: =E58-G58 | I58: 1 | J58: =I58/E58 | K58: 04.20:地图方人员晚上会将新版本合入主线，待明天刷机后测试 04.21:刷机版本为DNA分支不是主线版本，已经找地图方人员要最新高德版本进行手动安装测试 04.22:已通知张锐老师，后续高德版本回合入DNA分支 04.23:下午已拿到最新版地图，待验证功能 0527: @刘晓帝@赵晓健 确认测试排期 0615 FC更换，添加关闭列表功能，待自测/0617 fc已开发还没正式发布，待发布后自测，有bug单已给婉婷。“关闭收藏地址查看”接口，待fc发布后上车验 0622 确认0623fc1.7上线可测试 0624 产品反馈1.7昨晚已上，明明请验证 0624已自测 | O58: =P58/E58 | P58: 1 | Q58: =E58-P58 | T58: 1 | U58: =T58/E58 | V58: =E58-T58 | W58: P1 | X58: ✅ | Y58: 04.30 | AB58: =AG58/AH58 | AC58: 1 | AD58: 0 | AE58: =AF58/AG58 | AF58: =COUNTIFS('地图导航'!P68:P69,"✅") | AG58: =COUNTIFS('地图导航'!P68:P69,"✅")+COUNTIFS('地图导航'!P68:P69,"❌")+COUNTIFS('地图导航'!P68:P69,"block") | AH58: 2 | AI58: =AF58 | AJ58: =AH58-AF58 | AK58: =AG58-AF58 | AL58: 字节-刘晓帝 FAIL | AM58: https://bytedance.larkoffice.com/record/V4AArjvjoe4SdYccJ3AcihNdnyd | AP58: 地图导航 | AQ58: =AH58-E58 | AR58: @刘晓帝 “05.27:接口返回该地址不支持收藏”下一步是什么，请注明-@贾学华这个不应该问开发吗？怎么需要我注明？
B59: 获取当前位置 | C59: 已完成 | D59: 1 | E59: 1 | F59: =G59/E59 | G59: 1 | H59: =E59-G59 | I59: 1 | J59: =I59/E59 | K59: 04.25:当前位置返回范围存在问题，已反馈待上汽修复 0506:使用0430 的包逆地理接口无返回值，待上汽排查 0507:日志已给上汽地图方人员，目前还在排查 5.9 验证最新的SDK 5.18 在poi列表里找到了当前位置，待自测 0527: @刘晓帝@赵晓健 确认测试排期 | O59: =P59/E59 | P59: 1 | Q59: =E59-P59 | T59: 1 | U59: =T59/E59 | V59: =E59-T59 | W59: P0 | X59: ✅ | Y59: 04.30 | AB59: =AG59/AH59 | AC59: 1 | AD59: =E59-AC59 | AE59: =AF59/AG59 | AF59: =COUNTIFS('地图导航'!P70,"✅") | AG59: =COUNTIFS('地图导航'!P70,"✅")+COUNTIFS('地图导航'!P70,"❌")+COUNTIFS('地图导航'!P70,"block") | AH59: 1 | AI59: =AF59 | AJ59: =AH59-AF59 | AK59: =AG59-AF59 | AL59: 字节-刘晓帝 PASS | AP59: 地图导航 | AQ59: =AH59-E59
B60: 地图控制 | C60: 已完成 | D60: 15 | E60: 15 | F60: =G60/E60 | G60: 9 | H60: =E60-G60 | I60: 9 | J60: =I60/E60 | K60: 04.15:2d、3D视角切换存在问题 已反馈 04.20:地图方人员晚上会将新版本合入主线 04.22:已通知张锐老师，后续高德版本回合入DNA分支 04.23:下午已拿到最新版地图，待验证功能 0527.可以切换2D正北和2D车头，其他切换不支持，但导航的UI全都不变 ，等待更新高德应用 上汽黄林 0602.地图381版本功能都支持，如果语义控制地图会发生变化但设置页面的按钮没有切换，有上汽bug单，等待他们地图版本更新 0603 张锐实车确认了问题，中午拉了个群通过日志分析解决问题。下班前无结果反馈。下一步，每天在群里问进度，等待新地图包去台驾测试验证。 0605 黄林预计当天解决。 0608 明明反馈黄林已提供新包，待收档地址开发完成后进行验证，预计半天 0610: 0611验证后同步结果@余明明 0615 开发名下无bug，与测试确认6个没过的case的bug | O60: =P60/E60 | P60: 9 | Q60: =E60-P60 | T60: 15 | U60: =T60/E60 | V60: =E60-T60 | W60: P1 | X60: ✅ | Y60: 04.30 | AB60: =AG60/AH60 | AC60: 15 | AD60: 0 | AE60: =AF60/AG60 | AF60: =COUNTIFS('地图导航'!P71:P85,"✅") | AG60: =COUNTIFS('地图导航'!P71:P85,"✅")+COUNTIFS('地图导航'!P71:P85,"❌")+COUNTIFS('地图导航'!P71:P85,"block") | AH60: 15 | AI60: =AF60 | AJ60: =AH60-AF60 | AK60: =AG60-AF60 | AL60: 字节-刘晓帝 FAIL | AM60: https://bytedance.larkoffice.com/record/LI7jruve3ecVeLc8YYUcNJz9n1f https://bytedance.larkoffice.com/record/Ht00r7M72ecjz8cPdGvcgDndnUG https://bytedance.larkoffice.com/record/AwG3rgVQ6eTKLdc7uFncAIWHnke | AP60: 地图导航 | AQ60: =AH60-E60 | AR60: @余明明进度表确认和接都是9个，但模块表里研发进展是15个✅，请确认并更新（本车使用是9个） @余明明“0527.可以切换2D正北和2D车头，其他切换不支持，但导航的UI全都不变”下一步：等待更新高德应用 | AS60: 1
B61: 导航控制 | C61: 【火山】待测试 | D61: 12 | E61: 11 | F61: =G61/E61 | G61: 11 | H61: =E61-G61 | I61: 11 | J61: =I61/E61 | K61: 04.23：熟路模式接口已提供 04.24：待字节验证 04.25:熟路模式接口调用超时，已反馈待上汽修复 04.28:新版本以合入，待验证 5.9 退出导航是否改成也走AInavi 自行找产品确认好，产品确认走车控 0527.获取不到导航状态 0528 ai navi承接，是否交付跟进？@方令平 0615 开发名下无bug，与测试确认4个没过的case的bug | O61: =P61/E61 | P61: 11 | Q61: =E61-P61 | T61: 11 | U61: =T61/E61 | V61: 0 | W61: P1 | X61: ✅ | Y61: 04.30 | AB61: =AG61/AH61 | AC61: 11 | AD61: 1 | AE61: =AF61/AG61 | AF61: =COUNTIFS('地图导航'!P86:P97,"✅") | AG61: =COUNTIFS('地图导航'!P86:P97,"✅")+COUNTIFS('地图导航'!P86:P97,"❌")+COUNTIFS('地图导航'!P86:P97,"block") | AH61: 11 | AI61: =AF61 | AJ61: =AH61-AF61 | AK61: =AG61-AF61 | AL61: 字节-刘晓帝 FAIL （基于研发自测进度 因为有些需要实车上路才可以测试属于Block项目） | AM61: https://bytedance.larkoffice.com/record/WxAlrhoJle2R0ccXVrlcafhjnsh | AP61: 地图导航 | AQ61: =AH61-E61 | AR61: @余明明进度表12个api接了11个，模块表里研发进展空着的api备注“FC不下发，走AI Navi链路”是代表不用接这个api了吗？-对 @余明明 “0527.获取不到导航状态”下一步：等待更新高德应用，和服务端确认端状态
B62: 设置导航播报 | C62: 已完成 | D62: 14 | E62: 14 | F62: =G62/E62 | G62: 14 | H62: =E62-G62 | I62: 13 | J62: =I62/E62 | K62: 04.20:走系统导航静音接口，待上汽排查接口问题 - DNA-405 问题推进修复 04.22:票已经到延峰手里，问题还在分析 04:25:上汽反馈延峰那边未回复 0518 导航播报模式还缺少智能模式 0529.381版本设置智能模式返回切换默认模式 @余明明 0602.黄林确认中 0602 车载地图版本400及以上验证可以实现 0615 开发名下无bug，与测试确认3个没过的case的bug | O62: =P62/E62 | P62: 12 | Q62: =E62-P62 | T62: 14 | U62: =T62/E62 | V62: =E62-T62 | W62: P1 | X62: ✅ | Y62: 04.30 | AB62: =AG62/AH62 | AC62: 12 | AD62: 2 | AE62: =AF62/AG62 | AF62: =COUNTIFS('地图导航'!P98:P111,"✅") | AG62: =COUNTIFS('地图导航'!P98:P111,"✅")+COUNTIFS('地图导航'!P98:P111,"❌")+COUNTIFS('地图导航'!P98:P111,"block") | AH62: 13 | AI62: =AF62 | AJ62: =AH62-AF62 | AK62: =AG62-AF62 | AL62: 字节-刘晓帝 FAIL （基于研发自测进度 block项目待研发与产品确认） | AM62: https://bytedance.larkoffice.com/record/Zz5BrgvShehzIHc7bOkcD6hvnUb https://bytedance.larkoffice.com/record/Gn1IrBO4XeBcu9cpYaTci7FDnGb | AP62: 地图导航 | AQ62: =AH62-E62 | AR62: @余明明 模块表104、105两个api是弋途0519加的，是否确认过？-确认了
B63: 查询行程信息 | C63: 【火山】待问题修复 | D63: 8 | E63: 8 | F63: =G63/E63 | G63: 8 | H63: =E63-G63 | I63: 8 | J63: =I63/E63 | K63: 04.20:地图方人员晚上会将新版本合入主线，待明天刷机后测试 04.21:导航端状态需要0424版本才能确认支持 04.21:刷机版本为DNA分支不是主线版本，已经找地图方人员要最新高德版本进行手动安装测试 04.22:已通知张锐老师，后续高德版本回合入DNA分支 04.23:下午已拿到最新版地图，待验证功能 04.24：待字节验证 04.27:等待上汽给出新版本进行验证 04.28:新版本以合入，待验证 0507、5.9:使用端状态表中提供的接口重新接入，待自测； 5.18 上汽：接口还有问题 5.18 端状态不支持 0529 接口剩余电量的字段没值，导航没有定义限速上报端状态 0527:弋途韩天亮会找产品思晴确认没有定义的内容是否需要支持； 0601 114、115与韩天亮沟通，他说之前找过上汽，上汽不确认是否有接口，已让韩天亮尽快找上汽确认/ 117、118 陈果果已提bug单（bug单号）https://bytedance.larkoffice.com/record/U9DFrKvWsesAXdc0rgScEWeAnih?ccm_open_type=record_message&open_in_browser=true 0603 韩天亮说拥堵的还需要与上汽确认，限速的限速的信息接口有，端状态会加这个信号，但没反馈预计完成时间 0604 与天亮确认，他已与吴仁杰沟通，吴仁杰会加对应端状态解决“限速查询”功能的接口问题 0613 地图417版本接口没回调，上汽已提供新地图版本，需安装后确认版本号并进行验证 0615 地图466版本测试ok，在254车有电量返回了 | O63: =P63/E63 | P63: 8 | Q63: =E63-P63 | T63: 8 | U63: =T63/E63 | V63: =E63-T63 | W63: P1 | X63: ✅ | Y63: 04.30 | AB63: =AG63/AH63 | AC63: 5 | AD63: =E63-AC63 | AE63: =AF63/AG63 | AF63: =COUNTIFS('地图导航'!P112:P119,"✅") | AG63: =COUNTIFS('地图导航'!P112:P119,"✅")+COUNTIFS('地图导航'!P112:P119,"❌")+COUNTIFS('地图导航'!P112:P119,"block") | AH63: 8 | AI63: =AF63 | AJ63: =AH63-AF63 | AK63: =AG63-AF63 | AL63: 字节-郑永超 | AP63: 地图导航 | AQ63: =AH63-E63 | AR63: @余明明进度表总共8个api接了5个，但模块表里8个都备注接口有问题，请确认并更新-已更新 | AS63: 1
B64: 查询路况 | C64: 已完成 | D64: 6 | E64: 6 | F64: =G64/E64 | G64: 6 | H64: =E64-G64 | I64: 2 | J64: =I64/E64 | K64: 04.20:地图方人员晚上会将新版本合入主线，待明天刷机后测试 04.21:刷机版本为DNA分支不是主线版本，已经找地图方人员要最新高德版本进行手动安装测试 04.22:已通知张锐老师，后续高德版本回合入DNA分支 04.23:下午已拿到最新版地图，待验证功能 04.24：待字节验证 04.27:待上汽那边给新版本进行验证 04.28:新版本以合入，待验证 0507、5.9:使用端状态表中提供的接口重新接入，待自测 5.18 上汽：接口还有问题 5.18 端状态不支持 0526 拥堵状态的接口不返回，端状态定义只上报拥堵状态 需产品确认 0527.HMI上有变化；接口返回执行失败;handleSpeechControlMap speechProcessResultBean=null 0601 121、122、123、124与韩天亮沟通，他说之前找过上汽，上汽不确认是否有接口，已让韩天亮尽快找上汽确认/0604 与韩天亮确认进度，韩天亮称还需要与吴仁杰一起找上汽产品确认业务逻辑，暂无法确认预计时间 0608 韩天亮还未与上汽沟通拥堵的问题 0613 地图417版本接口没回调，新版本待确认 0615 明明需要与上汽确认“查询到目的地剩余续航/剩余里程”api的接口返回值有问题 0615 地图466版本，当前路段拥堵不返回了，前方路段拥堵【距离拥堵路段距离】值一直为0 0622 接口修复的包还未提供 0624 上汽黄林反馈今日给包 0629 上汽给包了，但是验证失败 0706 jira bug已关闭，明明验一下 0707 明明反馈上汽还没给包/已让张淳问黄林进展 0708 还未联系上黄林 | O64: =P64/E64 | P64: 6 | Q64: =E64-P64 | T64: 6 | U64: =T64/E64 | V64: =E64-T64 | W64: P1 | X64: ✅ | Y64: 04.30 | AB64: =AG64/AH64 | AC64: 2 | AD64: =E64-AC64 | AE64: =AF64/AG64 | AF64: =COUNTIFS('地图导航'!P120:P125,"✅") | AG64: =COUNTIFS('地图导航'!P120:P125,"✅")+COUNTIFS('地图导航'!P120:P125,"❌")+COUNTIFS('地图导航'!P120:P125,"block") | AH64: 6 | AI64: =AF64 | AJ64: =AH64-AF64 | AK64: =AG64-AF64 | AL64: 字节-刘晓帝 | AP64: 地图导航 | AQ64: =AH64-E64 | AR64: @余明明模块表里研发进展4条空着，原因是“0526 拥堵状态的接口不返回，端状态定义只上报拥堵状态”这个吗？下一步是什么，请注明-找产品确认 @刘晓帝 模块表已接的2个api测试进展✅，但是进度表测试数据是空，请确认并更新-已完成
B65: 设置路线偏好 | C65: 已完成 | D65: 8 | E65: 8 | F65: =G65/E65 | G65: 8 | H65: =E65-G65 | I65: 8 | J65: =I65/E65 | K65: 0529.走AINavi了没下发，就少收费还会调下车控 0602.偶尔走AINavi | O65: =P65/E65 | P65: 8 | Q65: =E65-P65 | T65: 8 | U65: =T65/E65 | V65: =E65-T65 | W65: P1 | X65: ✅ | AB65: =AG65/AH65 | AC65: 8 | AD65: =E65-AC65 | AE65: =AF65/AG65 | AF65: =COUNTIFS('地图导航'!P126:P133,"✅") | AG65: =COUNTIFS('地图导航'!P126:P133,"✅")+COUNTIFS('地图导航'!P126:P133,"❌")+COUNTIFS('地图导航'!P126:P133,"block") | AH65: 8 | AI65: =AF65 | AJ65: =AH65-AF65 | AK65: =AG65-AF65 | AL65: 字节-郑永超 | AP65: 地图导航 | AQ65: =AH65-E65
A66: 手车互联 | B66: 支付 | C66: 【火山】待开发 | D66: 4 | E66: 4 | F66: =G66/E66 | G66: 4 | H66: =E66-G66 | I66: 0 | J66: =I66/E66 | K66: alex演示之后再做 | O66: =P66/E66 | P66: 0 | Q66: =E66-P66 | U66: =T66/E66 | V66: =E66-T66 | Y66: 04.30 没有豆包话术，功能似乎有变更，等待@左晨通知 | Z66: @余明明 | AA66: @高宇新 | AB66: =AG66/AH66 | AC66: 0 | AD66: =E66-AC66 | AE66: =AF66/AG66 | AI66: =AF66 | AJ66: =AH66-AF66 | AK66: =AG66-AF66 | AL66: 字节-刘晓帝 | AP66: 手车互联 | AQ66: =AH66-E66
B67: 小红书 | D67: 2 | E67: 2 | F67: =G67/E67 | G67: 2 | H67: =E67-G67 | I67: 0 | J67: =I67/E67 | K67: alex演示之后再做 | O67: =P67/E67 | P67: 0 | Q67: =E67-P67 | U67: =T67/E67 | V67: =E67-T67 | Y67: 04.30 没有豆包话术，功能似乎有变更，等待@左晨通知 | Z67: @余明明 | AA67: @高宇新 | AB67: =AG67/AH67 | AC67: 0 | AD67: =E67-AC67 | AE67: =AF67/AG67 | AI67: =AF67 | AJ67: =AH67-AF67 | AK67: =AG67-AF67 | AL67: 字节-刘晓帝 | AP67: 手车互联 | AQ67: =AH67-E67
B68: 点外卖 | D68: 2 | E68: 2 | F68: =G68/E68 | G68: 2 | H68: =E68-G68 | I68: 0 | J68: =I68/E68 | K68: alex演示之后再做 | O68: =P68/E68 | P68: 0 | Q68: =E68-P68 | U68: =T68/E68 | V68: =E68-T68 | Y68: 04.30 没有豆包话术，功能似乎有变更，等待@左晨通知 | Z68: @余明明 | AA68: @高宇新 | AB68: =AG68/AH68 | AC68: 0 | AD68: =E68-AC68 | AE68: =AF68/AG68 | AI68: =AF68 | AJ68: =AH68-AF68 | AK68: =AG68-AF68 | AL68: 字节-刘晓帝 | AP68: 手车互联 | AQ68: =AH68-E68
A69: 通用 | B69: 应用控制 | C69: 【火山】待问题修复 | D69: 2 | E69: 2 | F69: =G69/E69 | G69: 2 | H69: =E69-G69 | I69: 2 | J69: =I69/E69 | K69: 0615、0622 开发都提测了，且名下无bug，与测试对齐bug | O69: =P69/E69 | P69: 0 | Q69: =E69-P69 | T69: 2 | U69: =T69/E69 | V69: =E69-T69 | Y69: 46149 | Z69: @樊晓天 | AA69: @高宇新 | AB69: =AG69/AH69 | AC69: 2 | AD69: =E69-AC69 | AE69: =AF69/AG69 | AF69: =COUNTIFS('通用'!N2:N3,"✅") | AG69: =COUNTIFS('通用'!N2:N3,"✅")+COUNTIFS('通用'!N2:N3,"❌")+COUNTIFS('通用'!N2:N3,"block") | AH69: 2 | AI69: =AF69 | AJ69: =AH69-AF69 | AK69: =AG69-AF69 | AL69: 字节-郑永超 FAIL | AM69: https://bytedance.larkoffice.com/record/KutVrwSOce2H6ecfG10c1jQWn0f https://bytedance.larkoffice.com/record/J0hLr5ER9eUKbacJJAicgsx3nXg https://bytedance.larkoffice.com/record/VEh4rM8AEeqzGNcvuwQcGSW7nmf | AP69: 通用 | AQ69: =AH69-E69 | AR69: @郑永超 已提测，请更新进度表里的测试数据-已完成
B70: 页面控制 | C70: 已完成 | D70: 1 | E70: 1 | F70: =G70/E70 | G70: 1 | H70: =E70-G70 | I70: 1 | J70: =I70/E70 | O70: =P70/E70 | P70: 0 | Q70: =E70-P70 | T70: 1 | U70: =T70/E70 | V70: =E70-T70 | Y70: 46155 | Z70: @高宇新 | AA70: @高宇新 | AB70: =AG70/AH70 | AC70: 0 | AD70: =E70-AC70 | AE70: =AF70/AG70 | AF70: =COUNTIFS('通用'!N4,"✅") | AG70: =COUNTIFS('通用'!N4,"✅")+COUNTIFS('通用'!N4,"❌")+COUNTIFS('通用'!N4,"block") | AH70: 1 | AI70: =AF70 | AJ70: =AH70-AF70 | AK70: =AG70-AF70 | AL70: 字节-郑永超 | AP70: 通用 | AQ70: =AH70-E70
AQ72: =COUNTIF(AQ2:AQ70,"<>0")
AQ73: =COUNTIF(AQ2:AQ70,">0")
AQ74: =COUNTIF(AQ2:AQ70,"<0")
B192: 火山

Sheet 车控
B1: 一级功能名称 | C1: 二级功能名称 | D1: 优先级 | E1: 语音指令示例 | F1: 上汽接口是否支持@周怀君 | G1: 上汽排期 | H1: EP实车状态@方令平 | I1: PPV1实车状态@方令平 | J1: FC函数@左晨 | K1: 控制PRD @左晨 | L1: 端状态PRD @陈西钺 | M1: 接口识别@汪帅 | N1: 字节研发进展@汪帅 | O1: 研发备注@汪帅 | P1: 测试用例 @赵晓健 | Q1: 测试进展@赵晓健 | R1: 0428测试结果 | S1: 0519测试结果 | T1: 0605测试结果 | U1: 0612测试结果 | V1: 0627测试结果 | W1: 0710测试结果 | X1: 0717测试结果 | Y1: 0722冲刺测试结果 | Z1: 测试QA | AA1: 产品走查进展 @左晨 | AB1: 产品走查备注 | AC1: logid | AD1: 失败原因 | AE1: meego单 | AF1: 当前责任方 | AG1: 当前责任人 | AH1: 问题分类
A2: 车窗控制 | B2: 01车窗控制 | C2: 打开 / 关闭特定位置车窗 (全开 / 全关) | D2: P0 | E2: 打开主驾车窗 | F2: Y | H2: ✅ | I2: ✅ 点检目标：四个车窗升降无卡顿。 备注：方位交叉错位，待排查是语音下发问题，还是实车控制问题。 | J2: 车窗开关 | K2: 1.Vehicle_Platform1.0_IS4PR_Yu_Yin_Kong_Zhi_IS4PR_Che_Chuang__PRD.pdf 2. IS4PR语音控制车窗.pdf:https://internal-api-drive-stream.larkoffice.com/space/api/box/stream/download/preview/Nr2ybWxAyoinV9xktAScgD1MnTc?mount_point=docx_file&preview_type=16 3.PRD update： 【01】【车窗0313】Vehicle_Platform1.0_IS4PR_Yu_Yin_Kong_Zhi_IS4PR_Che_Chuang__PRD.pdf:https://internal-api-drive-stream.larkoffice.com/space/api/box/stream/download/preview/ApsLbwYE2oPbazxJMCkcoPuFn3c?mount_point=docx_file&preview_type=16 | L2: DNA1.0：场景感知状态信号库v2.4 兜底：对“常用状态范围”先点检通过API是否能正常获取状态。 端状态不支持情况反馈： 12-12 更新： 1. 车门锁状态 SDK文档不支持 2. 车门状态，儿童锁状态 实车是否支持无法确认，目前语音没有要求开发相应的执行功能 3.空气净化开关状态，实车不支持 4.车内PM2.5空气质量，实车不支持 5.车内CO2信息，实车不支持 6.车内外温度，实车不支持车内温度查询 | M2: 判断车辆是否处于特定智能场景下（小憩模式、露营模式、大床模式、离 车不断电模式、宠物模式） | N2: ✅ | O2: ✅ | P2: 车窗.xlsx | Q2: ✅ | R2: ✅ | S2: ✅ | T2: ✅ | U2: ✅ | V2: ✅ | X2: ✅ | Z2: @刘晓帝 | AA2: 1
A3: 车窗控制 | E3: 关闭前排车窗 | F3: Y | H3: ✅ | M3: 判断车窗故障状态接口 | N3: ✅ | O3: ✅ | Q3: ✅ | R3: ✅ | S3: ✅ | T3: ✅ | U3: ✅ | V3: ✅ | X3: ✅ | Z3: @刘晓帝 | AA3: 1
A4: 车窗控制 | E4: 打开副驾车窗 | F4: Y | H4: ✅ | N4: ✅ | O4: ✅ | Q4: ✅ | R4: ✅ | S4: ✅ | T4: ✅ | U4: ✅ | V4: ✅ | X4: ✅ | Z4: @刘晓帝 | AA4: 1
A5: 车窗控制 | E5: 关闭车窗 | F5: Y | H5: ✅ | N5: ✅ | O5: ✅ | Q5: ✅ | R5: ✅ | S5: ✅ | T5: ✅ | U5: ✅ | V5: ✅ | X5: ✅ | Z5: @刘晓帝 | AA5: 1
A6: 车窗控制 | C6: 打开 / 关闭特定车窗到 N% | D6: P0 | E6: 车窗开到 30% | F6: Y | H6: 目前有车窗通风（开条缝） 具体百分比不适用实车前置验证 | N6: ✅ | O6: ✅ | Q6: ✅ | R6: ✅ | S6: ✅ | T6: ✅ | U6: ✅ | V6: ✅ | X6: ✅ | Z6: @刘晓帝 | AA6: 1
A7: 车窗控制 | E7: 全部车窗降到 50%(一半) | F7: Y | N7: ✅ | O7: ✅ | Q7: ✅ | R7: ✅ | S7: ✅ | T7: ✅ | U7: ✅ | V7: ✅ | X7: ✅ | Z7: @刘晓帝 | AA7: 1
A8: 车窗控制 | E8: 主驾车窗升到 10% | F8: Y | N8: ✅ | O8: ✅ | Q8: ✅ | R8: ✅ | S8: ✅ | T8: ✅ | U8: ✅ | V8: ✅ | X8: ✅ | Z8: @刘晓帝 | AA8: 1
A9: 车窗控制 | C9: 语音控制车窗 - 调高 / 调低 N% | D9: P0 | E9: 车窗调高 10% | F9: Y | N9: ✅ | O9: ✅ | Q9: ✅ | R9: ✅ | S9: ❌ | T9: ❌ | U9: ✅ | V9: ✅ | X9: ✅ | Y9: ✅ | Z9: @刘晓帝 | AA9: 1
A10: 车窗控制 | E10: 车窗降低 30% | F10: Y | N10: ✅ | O10: ✅ | Q10: ✅ | R10: ✅ | S10: ✅ | T10: ✅ | U10: ✅ | V10: ✅ | X10: ✅ | Z10: @刘晓帝 | AA10: 1
A11: 车窗控制 | C11: 语音控制车窗 - 调高 / 调低 | D11: P0 | E11: 车窗开一点 | F11: Y | H11: 不适用实车前置验证 | N11: ✅ | O11: ✅ | Q11: ✅ | R11: ✅ | S11: ❌ | T11: ❌ | U11: ✅ | V11: ✅ | X11: ✅ | Y11: ✅ | Z11: @刘晓帝 | AA11: 1
A12: 车窗控制 | E12: 车窗往上升 | F12: Y | N12: ✅ | O12: ✅ | Q12: ✅ | R12: ✅ | S12: ✅ | T12: ✅ | U12: ✅ | V12: ✅ | X12: ✅ | Z12: @刘晓帝 | AA12: 0
A13: 车窗控制 | E13: 车窗降低一点 | F13: Y | N13: ✅ | O13: ✅ | Q13: ✅ | R13: ✅ | S13: ✅ | T13: ✅ | U13: ✅ | V13: ✅ | X13: ✅ | Z13: @刘晓帝 | AA13: 1
A14: 车窗控制 | C14: 语音控制车窗 - 极值调节 | D14: P0 | E14: 车窗调到最高 | F14: Y | N14: ✅ | O14: ✅ | Q14: ✅ | R14: ✅ | S14: ❌ | T14: ✅ | U14: ✅ | V14: ✅ | X14: ✅ | Y14: ✅ | Z14: @刘晓帝 | AA14: 1
A15: 车窗控制 | E15: 车窗调到最低 | F15: Y | N15: ✅ | O15: ✅ | Q15: ✅ | R15: ✅ | S15: ❌ | T15: ✅ | U15: ✅ | V15: ✅ | X15: ✅ | Y15: ✅ | Z15: @刘晓帝 | AA15: 1
A16: 车窗控制 | C16: 语音控制车窗 - 上下文理解 | D16: P0 | E16: 再开一点 | F16: Y | N16: ✅ | O16: ✅ | Q16: ✅ | R16: ✅ | S16: ✅ | T16: ✅ | U16: ✅ | V16: ✅ | X16: ✅ | Z16: @刘晓帝 | AA16: 1
A17: 车窗控制 | E17: 再关一点 | F17: Y | N17: ✅ | O17: ✅ | Q17: ✅ | R17: ✅ | S17: ✅ | T17: ✅ | U17: ✅ | V17: ✅ | X17: ✅ | Z17: @刘晓帝 | AA17: 1
A18: 车窗控制 | E18: 再调高 5% | F18: Y | N18: ✅ | O18: ✅ | Q18: ✅ | R18: ✅ | S18: ❌ | T18: ❌ | U18: ✅ | V18: ✅ | X18: ✅ | Y18: ✅ | Z18: @刘晓帝 | AA18: 1
A19: 车窗控制 | C19: 打开特定位置车窗通风 | D19: P0 | E19: 打开车窗通风 | F19: Y | H19: ✅ | N19: ✅ | O19: ✅ | Q19: ✅ | R19: ✅ | S19: ❌ | T19: ✅ | U19: ✅ | V19: ❌ | W19: ❌ | X19: ✅ | Y19: ✅ | Z19: @刘晓帝 | AA19: 1
A20: 车窗控制 | E20: 开下主驾车窗通风 | F20: Y | H20: ✅ | N20: ✅ | O20: ✅ | Q20: ✅ | R20: ✅ | S20: ❌ | T20: ✅ | U20: ✅ | V20: ❌ | W20: ❌ | X20: ✅ | Y20: ✅ | Z20: @刘晓帝 | AA20: 1 | AC20: 2026070716333217703925370978DA9E81 | AD20: 开了一半
A21: 车窗控制 | E21: 打开前排车窗通风 | F21: Y | H21: ✅ | N21: ✅ | O21: ✅ | Q21: ✅ | R21: ✅ | S21: ❌ | T21: ✅ | U21: ✅ | V21: ❌ | W21: ❌ | X21: ✅ | Y21: ✅ | Z21: @刘晓帝 | AA21: 1 | AC21: 2026070716335276A1079E53DF0BDB7B02 | AD21: 同上
A22: 车窗控制 | C22: 语音控制打开 / 关闭锁车自动关窗开关 | D22: P1 | E22: 打开锁车自动关窗 | F22: Y | H22: ✅ | J22: 锁车自动关窗开关 | N22: ✅ | O22: ✅ | Q22: ✅ | R22: ✅ | S22: ✅ | T22: ✅ | U22: ✅ | V22: ✅ | X22: ✅ | Z22: @刘晓帝
A23: 车窗控制 | E23: 关闭锁车自动关窗 | F23: Y | H23: ✅ | N23: ✅ | O23: ✅ | Q23: ✅ | R23: ✅ | S23: ✅ | T23: ✅ | U23: ✅ | V23: ✅ | X23: ✅ | Z23: @刘晓帝
A24: 车窗控制 | C24: 语音控制打开 / 关闭后排禁用开关 (后排车窗锁) | D24: P1 | E24: 解锁后排车窗锁 | F24: Y | H24: ✅ | J24: 车窗上锁开关 | N24: ✅ | O24: ✅ | Q24: ✅ | R24: ✅ | S24: ✅ | T24: ✅ | U24: ✅ | V24: ✅ | X24: ✅ | Z24: @刘晓帝
A25: 车窗控制 | E25: 后排车窗锁上锁 | F25: Y | H25: ✅ | N25: ✅ | O25: ✅ | Q25: ✅ | R25: ✅ | S25: ✅ | T25: ✅ | U25: ✅ | V25: ✅ | X25: ✅ | Z25: @刘晓帝
A26: 车窗控制 | C26: 语音控制打开/关闭雨天自动关窗 | D26: P1 | E26: 打开雨天自动关窗 | F26: Y | G26: IDoorLockInterface setRainyCloseWindowStatus 0关 1开 | H26: ✅ | J26: 雨天自动关窗开关 | N26: ✅ | O26: ✅ | Q26: ✅ | S26: ✅ | T26: ✅ | U26: ✅ | V26: ✅ | X26: ✅ | Z26: @刘晓帝
A27: 车窗控制 | E27: 关闭雨天自动关窗 | F27: Y | G27: IDoorLockInterface setRainyCloseWindowStatus | H27: ✅ | N27: ✅ | O27: ✅ | Q27: ✅ | S27: ✅ | T27: ✅ | U27: ✅ | V27: ✅ | X27: ✅ | Z27: @刘晓帝
A28: 空调控制 | B28: 02空调控制 | C28: 空调开启 | D28: P0 | E28: 打开空调 | F28: Y | H28: ✅ | I28: ✅ 点检目标：空调栏打开、关闭正常；调节正常；支持电动出风口风向调节。 备注：二级功能不支持的控制项，先识别是否为产品功能定义问题。 | J28: 空调开关 | K28: Vehicle_Platform1.0_IS4PR_Yu_Yin_Kong_Zhi_IS4PR_Kong_Diao__PRD-补充流程图.pdf 【02】【空调0318】Vehicle_Platform1.0_IS4PR_Yu_Yin_Kong_Zhi_IS4PR_Kong_Diao__PRD.pdf:https://internal-api-drive-stream.larkoffice.com/space/api/box/stream/download/preview/QLMybYbhMomhoyxeZxXcaP1Gn8G?mount_point=docx_file&preview_type=16 | N28: ✅ | O28: ✅ | P28: 空调.xlsx | Q28: ✅ | R28: ✅ | S28: ✅ | T28: ✅ | U28: ✅ | V28: ✅ | X28: ✅ | Z28: @刘晓帝 | AA28: 1
A29: 空调控制 | C29: 空调开启 | D29: P0 | E29: 打开后排空调 | F29: N（开发未收到此需求) | G29: NA | N29: ✅ | Q29: ✅ | R29: ✅ | S29: ✅ | T29: ✅ | U29: ✅ | V29: ✅ | X29: ✅ | Z29: @刘晓帝 | AA29: 1
A30: 空调控制 | C30: 空调开启 | D30: P0 | E30: 激活整车空调 | F30: Y 是否为打开？属于语音泛化 | G30: 已支持 | H30: ✅ | N30: ✅ | O30: ✅ | Q30: ✅ | R30: ✅ | S30: ✅ | T30: ✅ | U30: ✅ | V30: ✅ | X30: ✅ | Z30: @刘晓帝 | AA30: 1
A31: 空调控制 | C31: 空调关闭 | D31: P0 | E31: 关闭空调 | F31: Y | H31: ✅ | N31: ✅ | O31: ✅ | Q31: ✅ | R31: ✅ | S31: ✅ | T31: ✅ | U31: ✅ | V31: ✅ | X31: ✅ | Z31: @刘晓帝 | AA31: 1
A32: 空调控制 | C32: 空调关闭 | D32: P0 | E32: 关副驾空调 | F32: N（开发未收到此需求) | G32: NA | H32: ✅ | N32: ✅ | Q32: ✅ | R32: ✅ | S32: ✅ | T32: ✅ | U32: ✅ | V32: ✅ | X32: ✅ | Z32: @刘晓帝 | AA32: 1
A33: 空调控制 | C33: 空调关闭 | D33: P0 | E33: 取消全车空调 | F33: Y（只有一个空调总开关) | G33: 已支持 | H33: ✅ | N33: ✅ | O33: ✅ | Q33: ✅ | R33: ✅ | S33: ❌ | T33: ✅ | U33: ✅ | V33: ✅ | X33: ✅ | Y33: ✅ | Z33: @刘晓帝 | AA33: 1
A34: 空调控制 | C34: 温度控制 - 调高 / 低 | D34: P0 | E34: 空调温度高一点 | F34: Y | H34: ✅ | J34: 空调温度调节 | N34: ✅ | O34: ✅ | Q34: ✅ | R34: ✅ | S34: ❌ | T34: ✅ | U34: ✅ | V34: ✅ | X34: ✅ | Y34: ✅ | Z34: @刘晓帝 | AA34: 1
A35: 空调控制 | C35: 温度控制 - 调高 / 低 | D35: P0 | E35: 副驾温度低一点 | F35: Y | H35: ✅ | N35: ✅ | O35: ✅ | Q35: ✅ | R35: ✅ | S35: ✅ | T35: ✅ | U35: ✅ | V35: ✅ | X35: ✅ | Z35: @刘晓帝 | AA35: 1
A36: 空调控制 | C36: 温度控制 - 调高 / 低 N 度 | D36: P0 | E36: 整车温度高 5 度 | F36: Y | H36: ✅ | N36: ✅ | O36: ✅ | Q36: ✅ | R36: ✅ | S36: ✅ | T36: ✅ | U36: ✅ | V36: ✅ | X36: ✅ | Z36: @刘晓帝 | AA36: 0
A37: 空调控制 | C37: 温度控制 - 调高 / 低 N 度 | D37: P0 | E37: 调低前排温度 3 度 | F37: Y（IS4PR只有单区空调) | H37: ✅ | N37: ✅ | O37: ✅ | Q37: ✅ | R37: ✅ | S37: ✅ | T37: ✅ | U37: ✅ | V37: ✅ | X37: ✅ | Z37: @刘晓帝 | AA37: 1
A38: 空调控制 | C38: 温度控制 - 最高 / 低 | D38: P0 | E38: 温度调到最高 | F38: Y | H38: ✅ | N38: ✅ | O38: ✅ | Q38: ✅ | R38: ✅ | S38: ✅ | T38: ✅ | U38: ✅ | V38: ✅ | X38: ✅ | Z38: @刘晓帝 | AA38: 0
A39: 空调控制 | C39: 温度控制 - 最高 / 低 | D39: P0 | E39: 副驾温度调到最低 | F39: Y | H39: ✅ | N39: ✅ | O39: ✅ | Q39: ✅ | R39: ✅ | S39: ❌ | T39: ✅ | U39: ✅ | V39: ❌ | W39: ✅ | X39: ✅ | Y39: ✅ | Z39: @刘晓帝 | AA39: 1
A40: 空调控制 | C40: 温度控制 - 调到 N 度 | D40: P0 | E40: 调节空调到 25 度 | F40: Y | H40: ✅ | N40: ✅ | O40: ✅ | Q40: ✅ | R40: ✅ | S40: ✅ | T40: ✅ | U40: ✅ | V40: ✅ | X40: ✅ | Z40: @刘晓帝 | AA40: 1
A41: 空调控制 | C41: 温度控制 - 调到 N 度 | D41: P0 | E41: 副驾空调调到 22 度 | F41: Y | H41: ✅ | N41: ✅ | O41: ✅ | Q41: ✅ | R41: ✅ | S41: ✅ | T41: ✅ | U41: ✅ | V41: ✅ | X41: ✅ | Z41: @刘晓帝 | AA41: 1
A42: 空调控制 | C42: 温度控制 - 上下文理解 | D42: P0 | E42: 再高一点 | F42: Y | H42: 不适用实车前置验证 | N42: ✅ | O42: ✅ | Q42: ✅ | R42: ✅ | S42: ✅ | T42: ✅ | U42: ✅ | V42: ❌ | W42: ✅ | X42: ✅ | Y42: ✅ | Z42: @刘晓帝
A43: 空调控制 | C43: 温度控制 - 上下文理解 | D43: P0 | E43: 主驾再小点 | F43: Y | N43: ✅ | O43: ✅ | Q43: ❌ | R43: ✅ | S43: ✅ | T43: ✅ | U43: ✅ | V43: ❌ | W43: ✅ | X43: ✅ | Y43: ❌ | Z43: @刘晓帝 | AC43: 20260723010529B4ECA90C14A8FFBAC1C5 | AD43: 调成了风量
A44: 空调控制 | C44: 吹风模式调节 | D44: P0 | E44: 切换到吹脸 | F44: Y | H44: ✅ | J44: 空调风向调节 | N44: ✅ | O44: ✅ | Q44: ✅ | R44: ✅ | S44: ✅ | T44: ✅ | U44: ✅ | V44: ✅ | X44: ✅ | Z44: @刘晓帝
A45: 空调控制 | C45: 吹风模式调节 | D45: P0 | E45: 打开吹脸吹脚吹窗 | F45: Y | H45: ✅ | N45: ✅ | O45: ✅ | Q45: ✅ | R45: ✅ | S45: ✅ | T45: ✅ | U45: ✅ | V45: ✅ | X45: ✅ | Z45: @刘晓帝
A46: 空调控制 | C46: 风量调节 - 调高 / 低 | D46: P0 | E46: 调高风量 | F46: Y | H46: ✅ | J46: 空调风量调节 | N46: ✅ | O46: ✅ | Q46: ✅ | R46: ❌ | S46: ✅ | T46: ✅ | U46: ✅ | V46: ✅ | X46: ✅ | Y46: ✅ | Z46: @刘晓帝
A47: 空调控制 | C47: 风量调节 - 调高 / 低 | D47: P0 | E47: 后排风量低一点 | F47: N（IS4PR只有单区空调) | G47: NA | N47: ✅ | Q47: ✅ | R47: ✅ | S47: ✅ | T47: ✅ | U47: ✅ | V47: ✅ | X47: ✅ | Z47: @刘晓帝
A48: 空调控制 | C48: 风量调节 - 调高 / 低 N 级 | D48: P0 | E48: 风量调高 3 级 | F48: Y | H48: ✅ | N48: ✅ | O48: ✅ | Q48: ✅ | R48: ❌ | S48: ✅ | T48: ✅ | U48: ❌ | V48: ✅ | W48: ✅ | X48: ✅ | Y48: ✅ | Z48: @刘晓帝
A49: 空调控制 | C49: 风量调节 - 调高 / 低 N 级 | D49: P0 | E49: 调低风量 5 级 | F49: Y | H49: ✅ | N49: ✅ | O49: ✅ | Q49: ✅ | R49: ❌ | S49: ✅ | T49: ✅ | U49: ❌ | V49: ✅ | W49: ✅ | X49: ✅ | Y49: ✅ | Z49: @刘晓帝
A50: 空调控制 | C50: 风量调节 - 最高 / 低 | D50: P0 | E50: 风量调到最高 | F50: Y | H50: ✅ | N50: ✅ | O50: ✅ | Q50: ✅ | R50: ❌ | S50: ✅ | T50: ✅ | U50: ✅ | V50: ✅ | X50: ✅ | Y50: ✅ | Z50: @刘晓帝
A51: 空调控制 | C51: 风量调节 - 最高 / 低 | D51: P0 | E51: 风量调到最低 | F51: Y | H51: ✅ | N51: ✅ | O51: ✅ | Q51: ✅ | R51: ❌ | S51: ✅ | T51: ✅ | U51: ✅ | V51: ✅ | X51: ✅ | Y51: ✅ | Z51: @刘晓帝
A52: 空调控制 | C52: 风量调节 - 调到 X 级 | D52: P0 | E52: 风量调到 6 级 | F52: Y | H52: ✅ | N52: ✅ | O52: ✅ | Q52: ✅ | R52: ❌ | S52: ✅ | T52: ✅ | U52: ✅ | V52: ✅ | X52: ✅ | Y52: ✅ | Z52: @刘晓帝
A53: 空调控制 | C53: 风量调节 - 上下文理解 | D53: P0 | E53: 再大一点 | F53: Y | H53: 不适用实车前置验证 | N53: ✅ | O53: ✅ | Q53: ✅ | R53: ❌ | S53: ✅ | T53: ✅ | U53: ✅ | V53: ✅ | X53: ✅ | Y53: ✅ | Z53: @刘晓帝
A54: 空调控制 | C54: AUTO 风量设置 | D54: P0 | E54: 打开轻柔风量 | F54: Y | H54: ✅ | J54: 空调自动风量模式调节 | N54: ✅ | O54: ✅ | Q54: ✅ | R54: ✅ | S54: ✅ | T54: ✅ | U54: ✅ | V54: ✅ | X54: ✅ | Z54: @刘晓帝
A55: 空调控制 | C55: AUTO 风量设置 | D55: P0 | E55: 风量设置为强劲模式 | F55: Y | H55: ✅ | N55: ✅ | O55: ✅ | Q55: ✅ | R55: ✅ | S55: ✅ | T55: ✅ | U55: ❌ | V55: ✅ | W55: ✅ | X55: ✅ | Y55: ✅ | Z55: @刘晓帝
A56: 空调控制 | C56: 打开 AUTO | D56: P0 | E56: 打开自动空调 | F56: Y | H56: ✅ | J56: 空调开关 | N56: ✅ | O56: ✅ | Q56: ✅ | R56: ✅ | S56: ✅ | T56: ✅ | U56: ✅ | V56: ✅ | X56: ✅ | Z56: @刘晓帝
A57: 空调控制 | C57: 关闭 AUTO | D57: P0 | E57: 关闭 AUTO | F57: Y | H57: ✅ | N57: ✅ | O57: ✅ | Q57: ✅ | R57: ✅ | S57: ✅ | T57: ✅ | U57: ✅ | V57: ✅ | X57: ✅ | Z57: @刘晓帝
A58: 空调控制 | C58: 打开除霜除雾 | D58: P0 | E58: 打开前除霜 | F58: Y | H58: ✅ | J58: 空调除雾除霜开关 | N58: ✅ | O58: ✅ | Q58: ✅ | R58: ✅ | S58: ✅ | T58: ✅ | U58: ✅ | V58: ✅ | X58: ✅ | Z58: @刘晓帝
A59: 空调控制 | C59: 打开除霜除雾 | D59: P0 | E59: 激活后除雾 | F59: Y | H59: ✅ | N59: ✅ | O59: ✅ | Q59: ✅ | R59: ✅ | S59: ✅ | T59: ✅ | U59: ✅ | V59: ✅ | X59: ✅ | Z59: @刘晓帝
A60: 空调控制 | C60: 关闭除霜除雾 | D60: P0 | E60: 关闭除霜 | F60: Y | H60: ✅ | N60: ✅ | O60: ✅ | Q60: ✅ | R60: ✅ | S60: ✅ | T60: ✅ | U60: ❌ | V60: ✅ | W60: ✅ | X60: ✅ | Y60: ✅ | Z60: @刘晓帝
A61: 空调控制 | C61: 关闭除霜除雾 | D61: P0 | E61: 关前除雾 | F61: Y | H61: ✅ | N61: ✅ | O61: ✅ | Q61: ✅ | R61: ✅ | S61: ✅ | T61: ✅ | U61: ✅ | V61: ✅ | X61: ✅ | Z61: @刘晓帝
A62: 空调控制 | C62: 打开后视镜加热 | D62: P0 | E62: 打开后视镜加热 | F62: Y | H62: ✅ | J62: 外后视镜加热开关 | N62: ✅ | O62: ✅ | Q62: ✅ | R62: ❌ | S62: ✅ | T62: ✅ | U62: ✅ | V62: ✅ | X62: ✅ | Y62: ✅ | Z62: @刘晓帝
A63: 空调控制 | C63: 关闭后视镜加热 | D63: P0 | E63: 关闭后视镜加热 | F63: Y | H63: ✅ | N63: ✅ | O63: ✅ | Q63: ✅ | R63: ❌ | S63: ✅ | T63: ✅ | U63: ✅ | V63: ❌ | W63: ✅ | X63: ✅ | Y63: ✅ | Z63: @刘晓帝
A64: 空调控制 | C64: 查询车外温度 | D64: P0 | E64: 车外温度是多少 | F64: Y | H64: ✅ | J64: 端状态 | N64: ✅ | O64: ✅ | Q64: ✅ | R64: ✅ | S64: ✅ | T64: ✅ | U64: ✅ | V64: ✅ | X64: ✅ | Z64: @刘晓帝
A65: 空调控制 | C65: 查询车外温度 | D65: P0 | E65: 外面几度 | F65: Y | H65: ✅ | N65: ✅ | O65: ✅ | Q65: ✅ | R65: ✅ | S65: ✅ | T65: ✅ | U65: ✅ | V65: ✅ | X65: ✅ | Z65: @刘晓帝
A66: 空调控制 | C66: 查询空调温度和风量大小 | D66: P0 | E66: 查询主驾空调温度 | F66: Y | H66: ✅ | N66: ✅ | O66: ✅ | Q66: ✅ | R66: ❌ | S66: ✅ | T66: ✅ | U66: ✅ | V66: ✅ | X66: ✅ | Y66: ✅ | Z66: @刘晓帝
A67: 空调控制 | C67: 查询空调温度和风量大小 | D67: P0 | E67: 查询风量是多少 | F67: Y | H67: ✅ | N67: ✅ | O67: ✅ | Q67: ✅ | R67: ❌ | S67: ✅ | T67: ✅ | U67: ✅ | V67: ✅ | X67: ✅ | Y67: ✅ | Z67: @刘晓帝
A68: 空调控制 | C68: 打开温度同步 | D68: P0 | E68: 打开温度同步设置 | F68: Y | H68: ✅ | J68: 空调同步开关 | N68: ✅ | O68: ✅ | Q68: ✅ | R68: ✅ | S68: ✅ | T68: ✅ | U68: ✅ | V68: ✅ | X68: ✅ | Z68: @刘晓帝
A69: 空调控制 | C69: 打开温度同步 | D69: P0 | E69: 车内温度一致 | F69: Y | H69: ✅ | N69: ✅ | O69: ✅ | Q69: ✅ | R69: ✅ | S69: ✅ | T69: ✅ | U69: ✅ | V69: ✅ | X69: ✅ | Z69: @刘晓帝
A70: 空调控制 | C70: 关闭温度同步 | D70: P0 | E70: 关闭温度同步 | F70: Y | H70: ✅ | N70: ✅ | O70: ✅ | Q70: ✅ | R70: ✅ | S70: ✅ | T70: ✅ | U70: ✅ | V70: ✅ | X70: ✅ | Z70: @刘晓帝
A71: 空调控制 | C71: 关闭温度同步 | D71: P0 | E71: 取消温度同步 | F71: Y | H71: ✅ | N71: ✅ | O71: ✅ | Q71: ✅ | R71: ✅ | S71: ✅ | T71: ✅ | U71: ✅ | V71: ✅ | X71: ✅ | Z71: @刘晓帝
A72: 空调控制 | C72: 循环切换 | D72: P0 | E72: 切换到内循环 | F72: Y | H72: ✅ | J72: 空调内外循环控制 | N72: ✅ | O72: ✅ | Q72: ✅ | R72: ✅ | S72: ✅ | T72: ✅ | U72: ✅ | V72: ✅ | X72: ✅ | Z72: @刘晓帝
A73: 空调控制 | C73: 循环切换 | D73: P0 | E73: 打开外循环 | F73: Y | H73: ✅ | N73: ✅ | O73: ✅ | Q73: ✅ | R73: ✅ | S73: ✅ | T73: ✅ | U73: ✅ | V73: ✅ | X73: ✅ | Z73: @刘晓帝
A74: 空调控制 | C74: 循环切换 | D74: P0 | E74: 激活自动循环 | F74: Y | H74: ✅ | N74: ✅ | O74: ✅ | Q74: ✅ | R74: ✅ | S74: ✅ | T74: ✅ | U74: ✅ | V74: ✅ | X74: ✅ | Z74: @刘晓帝
A75: 空调控制 | C75: 打开 / 关闭制冷 | D75: P0 | E75: 打开制冷 | F75: Y | H75: ✅ | J75: 空调开关 | N75: ✅ | O75: ✅ | Q75: ✅ | R75: ✅ | S75: ✅ | T75: ✅ | U75: ✅ | V75: ✅ | X75: ✅ | Z75: @刘晓帝
A76: 空调控制 | C76: 打开 / 关闭制冷 | D76: P0 | E76: 关闭制冷 | F76: Y | H76: ✅ | N76: ✅ | O76: ✅ | Q76: ✅ | R76: ✅ | S76: ✅ | T76: ✅ | U76: ✅ | V76: ✅ | X76: ✅ | Z76: @刘晓帝
A77: 空调控制 | C77: 打开 / 关闭空调应用 | D77: P0 | E77: 打开空调界面 | F77: Y | H77: ✅ | J77: 空调设置页面（page=其他） | M77: API文档内没有接口说明 | N77: ✅ | O77: ✅ | Q77: ✅ | R77: ✅ | S77: ✅ | T77: ✅ | U77: ❌ | V77: ✅ | W77: ✅ | X77: ✅ | Y77: ✅ | Z77: @刘晓帝
A78: 空调控制 | C78: 打开 / 关闭空调应用 | D78: P0 | E78: 关闭空调界面 | F78: Y | H78: ✅ | N78: ✅ | O78: ✅ | Q78: ❌ | R78: ❌ | S78: ✅ | T78: ✅ | U78: ✅ | V78: ✅ | X78: ✅ | Y78: ❌ | Z78: @刘晓帝 | AC78: 20260723003658D23FC36183C211CA8B1F | AD78: 关闭空调界面失败
A79: 空调控制 | C79: 打开 / 关闭智能空调 | D79: P1 | E79: 打开智能空调 打开智能auto空调 | F79: Y | G79: TBD（预计P基线）（开发可验证和开发，但无法实车测试） | H79: 不支持 | J79: 空调开关 | O79: 0708 fc下发错误已提bug，单号看总表 | Q79: ✅ | X79: ✅ | Z79: @刘晓帝
A80: 空调控制 | C80: 打开 / 关闭智能空调 | D80: P1 | E80: 关闭智能空调 关闭智能auto空调 | F80: Y | G80: TBD（预计P基线）（开发可验证和开发，但无法实车测试） | H80: 不支持 | O80: 0708 fc下发错误已提bug，单号看总表 | Q80: ✅ | X80: ✅ | Z80: @刘晓帝
A81: 空调控制 | C81: 打开 / 关闭空调设置界面 | D81: P1 | E81: 打开空调设置页面 | F81: Y | H81: ✅ | J81: 空调设置页面（page=空） | M81: API文档内没有接口说明，如果是原生方式，需要提供包名。 | N81: ✅ | O81: ✅ | Q81: ✅ | R81: ✅ | S81: ✅ | T81: ✅ | U81: ❌ | V81: ✅ | W81: ✅ | X81: ✅ | Y81: ✅ | Z81: @刘晓帝
A82: 空调控制 | C82: 打开 / 关闭空调设置界面 | D82: P1 | E82: 关闭空调设置页 | F82: Y | H82: ✅ | N82: ✅ | O82: ✅ | Q82: ❌ | R82: ❌ | S82: ✅ | T82: ✅ | U82: ✅ | V82: ✅ | X82: ✅ | Y82: ❌ | Z82: @刘晓帝 | AC82: 20260723003848B33C03BCACD81533A64E | AD82: 同上
A83: 空调控制 | C83: 打开 / 关闭空气自干燥除味功能 | D83: P1 | E83: 打开空气自干燥除味功能 | F83: Y | H83: 不支持 上汽反馈预计03.30支持 | J83: 空调开关 | N83: ✅ | O83: ✅ | Q83: ✅ | R83: ❌ | S83: ✅ | T83: ✅ | U83: ✅ | V83: ❌ | W83: ✅ | X83: ✅ | Y83: ✅ | Z83: @刘晓帝
A84: 空调控制 | C84: 打开 / 关闭空气自干燥除味功能 | D84: P1 | E84: 关闭空气自干燥除味功能 | F84: Y | N84: ✅ | O84: ✅ | Q84: ✅ | R84: ❌ | S84: ✅ | T84: ✅ | U84: ✅ | V84: ❌ | W84: ✅ | X84: ✅ | Y84: ✅ | Z84: @刘晓帝
A85: 空调控制 | C85: 打开 / 关闭智能除雾 | D85: P1 | E85: 打开自动除雾 | F85: Y | H85: 不支持 上汽反馈预计03.30支持 | J85: 空调除雾除霜开关 | M85: 下发指令无效状态返回值：3010015 | N85: ✅ | O85: ✅ | Q85: ✅ | R85: ✅ | S85: ❌ | T85: ✅ | U85: ✅ | V85: ✅ | X85: ✅ | Y85: ✅ | Z85: @刘晓帝
A86: 空调控制 | C86: 打开 / 关闭智能除雾 | D86: P1 | E86: 关闭自动除雾 | F86: Y | N86: ✅ | O86: ✅ | Q86: ✅ | R86: ❌ | S86: ❌ | T86: ✅ | U86: ✅ | V86: ✅ | X86: ✅ | Y86: ✅ | Z86: @刘晓帝
A87: 空调控制 | C87: 打开 / 关闭智能除味 | D87: P1 | E87: 空调开关 | F87: 7/22 新增
A88: 空调控制 | C88: 打开 / 关闭智能除味 | D88: P1 | E88: 空调开关 | F88: 7/22 新增
A89: 空调控制 | C89: 打开/关闭新风 | D89: P1 | E89: 打开新风 打开空调新风 关闭新风 关闭空调新风 | F89: Y | J89: 空调开关 | N89: ✅ | O89: ✅ | Q89: ✅ | X89: ✅ | Z89: @刘晓帝
A90: 空调控制 | C90: 打开/关闭智能送风 | D90: P1 | E90: 打开智能送风 打开空调智能送风 关闭智能送风 关闭空调智能送风 | F90: Y | N90: ✅ | O90: ✅ | Q90: ✅ | X90: ❌ | Y90: ✅ | Z90: @刘晓帝
A91: 空调控制 | C91: 打开/关闭智能温区 | D91: P1 | E91: 打开智能温区 打开空调智能温区 关闭智能温 关闭空调智能温区 | F91: Y | N91: ✅ | O91: ✅ | Q91: ✅ | X91: ✅ | Z91: @刘晓帝
A92: 空调控制 | C92: 打开/关闭智能新风 | D92: P1 | E92: 打开智能新风 打开空调智能新风 关闭智能新风 关闭空调值新风 | F92: Y | N92: ✅ | O92: ✅ | Q92: ✅ | X92: ✅ | Z92: @刘晓帝
A93: 电动出风口控制 | B93: 03电动出风口控制 | C93: 打开电动出风口 | D93: P0 | E93: 打开主驾出风口 | F93: Y | H93: ✅ | J93: 空调出风口模式设置 | K93: 【03】【电动出风口0313】Vehicle_Platform1.0_IS4PR_Yu_Yin_Kong_Zhi_IS4PR_Dian_Dong_Chu_Feng_Kou_PRD.pdf | M93: 无电动出风口开关 | N93: ✅ | O93: ✅ | Q93: ✅ | R93: ❌ | S93: ✅ | T93: ✅ | U93: ✅ | V93: ✅ | X93: ✅ | Y93: ✅ | Z93: @刘晓帝
A94: 电动出风口控制 | E94: 把电动出风口打开 | F94: Y | M94: 无电动出风口模式接口 | N94: ✅ | O94: ✅ | Q94: ✅ | R94: ❌ | S94: ❌ | T94: ❌ | U94: ✅ | V94: ✅ | X94: ✅ | Y94: ✅ | Z94: @刘晓帝
A95: 电动出风口控制 | C95: 关闭电动出风口 | D95: P0 | E95: 关闭电动出风口 | F95: Y | N95: ✅ | O95: ✅ | Q95: ✅ | R95: ❌ | S95: ✅ | T95: ✅ | U95: ✅ | V95: ✅ | X95: ✅ | Y95: ✅ | Z95: @刘晓帝
A96: 电动出风口控制 | E96: 关主驾出风口 | F96: Y | N96: ✅ | O96: ✅ | Q96: ✅ | R96: ❌ | S96: ✅ | T96: ✅ | U96: ✅ | V96: ✅ | X96: ✅ | Y96: ✅ | Z96: @刘晓帝
A97: 电动出风口控制 | C97: 激活 “对人吹” 模式 | D97: P0 | E97: 打开对人吹 | F97: Y | J97: 空调风向调节 | N97: ✅ | O97: ✅ | Q97: ✅ | R97: ❌ | S97: ❌ | T97: ❌ | U97: ✅ | V97: ✅ | X97: ✅ | Y97: ✅ | Z97: @刘晓帝
A98: 电动出风口控制 | E98: 激活对人吹 | F98: Y | N98: ✅ | O98: ✅ | Q98: ✅ | R98: ❌ | S98: ❌ | T98: ❌ | U98: ✅ | V98: ✅ | X98: ✅ | Y98: ✅ | Z98: @刘晓帝
A99: 电动出风口控制 | E99: 打开后排对人吹 | F99: N（开发未收到后排需求) | G99: NA | N99: ✅ | O99: 后排无音区权限 | Q99: ✅ | R99: 后排无电动出风口 | U99: ✅ | V99: ✅ | X99: ✅ | Z99: @刘晓帝
A100: 电动出风口控制 | C100: 激活 “避人吹” 模式 | D100: P0 | E100: 打开避人吹 | F100: Y | J100: 空调出风口模式设置 | N100: ✅ | O100: ✅ | Q100: ✅ | R100: ✅ | S100: ❌ | T100: ❌ | U100: ✅ | V100: ✅ | X100: ✅ | Y100: ✅ | Z100: @刘晓帝
...

Sheet 系统设置
A1: 一级功能名称 | B1: 一级功能名称 | C1: 二级功能名称 | D1: 优先级 | E1: 语音指令示例 | F1: 上汽接口是否支持@周怀君 | G1: 上汽排期(上汽接口) | H1: EP实车状态@方令平 | I1: PPV1实车状态 @方令平 | J1: FC函数@左晨 | K1: 控制PRD @左晨 | L1: 端状态PRD @陈西钺 | M1: 接口识别@汪帅 | N1: 研发进展@汪帅 | O1: 研发备注@汪帅 | P1: 测试用例 @赵晓健 | Q1: 测试进展 @赵晓健 | R1: 0427测试结果 | S1: 0519测试结果 | T1: 0605测试结果 | U1: 0612测试结果 | V1: 0627测试结果 | W1: 0710测试结果 | X1: 0717测试结果 | Y1: 测试QA | Z1: 产品走查进展 @左晨 | AA1: 产品走查备注 | AB1: logid | AC1: 问题描述 | AD1: meego单 | AE1: 当前责任方 | AF1: 当前责任人 | AG1: 问题分类
A2: 系统设置开关控制 | B2: 系统设置开关控制 | C2: WiFi 开关 - 打开 | D2: P0 | E2: 打开 WiFi | F2: Y | G2: boolean setWifiSwitchState（boolean state) | H2: ✅ | I2: ✅ | J2: WIFI开关 | K2: 【系统设置】Vehicle_Platform1.0_IS4PR_Yu_Yin_Kong_Zhi_IS4PR_Yu_Yin_Kong_Zhi_Xi_Tong_She_Zhi__PRD.pdf 【系统设置】IS4PR_语音控制系统设置flow.pdf:https://internal-api-drive-stream.larkoffice.com/space/api/box/stream/download/preview/Pjw0bONaoovkKAxDidMcLdObngh?mount_point=docx_file&preview_type=16 | N2: ✅ | Q2: ✅ | R2: ✅ | S2: ✅ | T2: ✅ | X2: ✅ | Y2: @刘晓帝
A3: 系统设置开关控制 | C3: WiFi 开关 - 关闭 | D3: P0 | E3: 关闭 WiFi 开关 | F3: Y | G3: ExtWifiManager.setWifiSwitchState | H3: ✅ | J3: WIFI开关 | N3: ✅ | Q3: ✅ | R3: ✅ | S3: ✅ | T3: ✅ | X3: ✅ | Y3: @刘晓帝
A4: 系统设置开关控制 | C4: 蓝牙开关 - 打开 (默认手机蓝牙) | D4: P0 | E4: 打开蓝牙 | F4: Y | G4: BluetoothSettingsManager.setBtState | H4: ✅ | J4: 蓝牙开关 | N4: ✅ | Q4: ✅ | R4: ✅ | S4: ✅ | T4: ✅ | X4: ✅ | Y4: @刘晓帝
A5: 系统设置开关控制 | C5: 蓝牙开关 - 关闭 (默认手机蓝牙) | D5: P0 | E5: 关闭蓝牙开关 | F5: Y | G5: BluetoothSettingsManager.setBtState | H5: ✅ | J5: 蓝牙开关 | N5: ✅ | Q5: ✅ | R5: ✅ | S5: ✅ | T5: ✅ | X5: ✅ | Y5: @刘晓帝
A6: 系统设置开关控制 | C6: 蓝牙耳机开关 - 打开 | D6: P1 | E6: 打开蓝牙耳机开关 | F6: Y | G6: BluetoothSettingsManager.setBtHeadsetState | H6: ✅ | J6: 蓝牙耳机开关 | N6: 无此功能 | Q6: 无此功能 | R6: 无此功能 | S6: 无此功能 | Y6: @刘晓帝
A7: 系统设置开关控制 | C7: 蓝牙耳机开关 - 关闭 | D7: P1 | E7: 关闭蓝牙耳机开关 | F7: Y | G7: BluetoothSettingsManager.setBtHeadsetState | H7: ✅ | J7: 蓝牙耳机开关 | N7: 无此功能 | Q7: 无此功能 | R7: 无此功能 | S7: 无此功能 | Y7: @刘晓帝
A8: 系统设置开关控制 | C8: 热点开关 - 打开 | D8: P0 | E8: 打开热点 | F8: Y | G8: ExtSoftApManager.setSoftApSwitchState | H8: ✅ | J8: 热点开关 | N8: ✅ | Q8: ✅ | R8: ❌ | S8: ✅ | T8: ✅ | X8: ✅ | Y8: @刘晓帝
A9: 系统设置开关控制 | C9: 热点开关 - 关闭 | D9: P0 | E9: 关闭热点开关 | F9: Y | G9: ExtSoftApManager.setSoftApSwitchState | H9: ✅ | J9: 热点开关 | N9: ✅ | Q9: ✅ | R9: ✅ | S9: ✅ | T9: ✅ | X9: ✅ | Y9: @刘晓帝
A10: 屏幕亮度控制 | B10: 屏幕亮度控制 | C10: 亮度调节 - 调到调低默认屏幕亮度 | D10: P0 | E10: 屏幕暗一点 调低屏幕亮度 把屏幕亮度调小 把屏幕亮度调暗 | F10: Y | G10: setBackLightBrightness | H10: ✅ | I10: ✅ | J10: 屏幕亮度控制 | M10: api返回状态码错误。获取屏幕亮度api有问题，查询的亮度都为0 | N10: ✅ | O10: ✅ | Q10: ✅ | R10: ✅ | S10: ✅ | T10: ✅ | X10: ✅ | Y10: @刘晓帝
A11: 屏幕亮度控制 | C11: 亮度调节 - 调低调高指定屏幕亮度 | D11: P0 | E11: 调低中控屏亮度 中控屏幕亮一点 调高主驾屏亮度 调低主驾屏幕亮度 调高后排屏幕亮度 全部屏幕调亮 | F11: Y | G11: setBackLightBrightness | H11: ✅ | N11: ✅ | O11: ✅ | Q11: ✅ | R11: ✅ | S11: ❌ | T11: ❌ | U11: ✅ | X11: ✅ | Y11: @刘晓帝
A12: 屏幕亮度控制 | C12: 亮度调节 - 基于数值调节默认屏幕亮度 | D12: P0 | E12: 屏幕亮度调到 30 | F12: Y | G12: setBackLightBrightness | H12: ✅ | N12: ✅ | O12: ✅ | Q12: ✅ | R12: ✅ | S12: ✅ | T12: ✅ | X12: ✅ | Y12: @刘晓帝
A13: 屏幕亮度控制 | C13: 亮度调节 - 基于数值调节指定屏幕亮度 | D13: P0 | E13: 中控屏幕调低到44 主驾屏幕亮度调到30 | F13: Y | G13: setBackLightBrightness | H13: ✅ | N13: ✅ | O13: ✅ | Q13: ✅ | R13: ✅ | S13: ❌ | T13: ❌ | V13: ✅ | W13: ✅ | X13: ✅ | Y13: @刘晓帝
A14: 屏幕亮度控制 | C14: 亮度调节 - 默认屏幕调节到极限值 | D14: P0 | E14: 屏幕调到最亮/最暗 | F14: Y | G14: setBackLightBrightness | H14: ✅ | N14: ✅ | O14: ✅ | Q14: ✅ | R14: ❌ | S14: ✅ | T14: ✅ | X14: ✅ | Y14: @刘晓帝
A15: 屏幕亮度控制 | C15: 亮度调节 - 指定屏幕调节到极限值 | D15: P0 | E15: 主驾屏调到最暗 中控屏幕调到最亮 | F15: Y | G15: setBackLightBrightness | H15: ✅ | N15: ✅ | O15: ✅ | Q15: ✅ | R15: ❌ | S15: ✅ | T15: ✅ | X15: ✅ | Y15: @刘晓帝
A16: 屏幕亮度控制 | C16: 自动亮度调节 - 打开 | D16: P0 | E16: 打开自动调节亮度开关 | F16: Y | G16: setAutoBackLightStatus | H16: ✅ | J16: 屏幕自动亮度开关 | N16: ✅ | O16: ✅ | Q16: ✅ | R16: ✅ | S16: ✅ | T16: ✅ | X16: ✅ | Y16: @刘晓帝
A17: 屏幕亮度控制 | C17: 自动亮度调节 - 关闭 | D17: P0 | E17: 关闭自动亮度调节 | F17: Y | G17: setAutoBackLightStatus | H17: ✅ | J17: 屏幕自动亮度开关 | N17: ✅ | O17: ✅ | Q17: ✅ | R17: ✅ | S17: ✅ | T17: ✅ | X17: ✅ | Y17: @刘晓帝
A18: 屏幕亮度控制 | C18: 亮度调节 - 默认屏幕亮度调高低具体数值 | D18: P0 | E18: 亮度调高 20%， 屏幕亮度调到2 | F18: Y | G18: setBackLightBrightness | H18: ✅ | J18: 屏幕亮度控制 | N18: ✅ | O18: ✅ | Q18: ✅ | R18: ❌ | S18: ✅ | T18: ✅ | X18: ✅ | Y18: @刘晓帝
A19: 屏幕亮度控制 | C19: 亮度调节 - 指定屏幕亮度调高低具体数值 | D19: P0 | E19: 中控亮度调高 20%， 主驾屏幕亮度调暗30 中控屏往下调2 | F19: Y | G19: setBackLightBrightness | H19: ✅ | N19: ✅ | O19: ✅ | Q19: ✅ | R19: ✅ | S19: ✅ | T19: ✅ | X19: ✅ | Y19: @刘晓帝
A20: 屏幕亮度控制 | C20: 清洁模式 - 打开 | D20: P0 | E20: 打开屏幕清洁模式 | F20: Y | G20: Settings.Global.putInt(SettingsApplicationProxy.getApplication().contentResolver, "zone_clean_mode", 1) | H20: ✅ | J20: 屏幕清洁模式开关 | N20: ✅ | O20: ✅ | Q20: ✅ | R20: ❌ | S20: ✅ | T20: ✅ | X20: ✅ | Y20: @刘晓帝
A21: 车机屏幕开关（屏保） | B21: 车机屏幕开关（屏保） | C21: 屏保 - 息屏 (默认屏幕) | D21: P0 | E21: 息屏， 关闭屏幕 进入屏保 | F21: Y | G21: ScreenSaverManager.enterScreensaver | I21: ✅ | J21: 车机屏幕开关 屏保开关 | M21: ScreenSaverManager.enterScreensaver | N21: ✅ | O21: ✅ | Q21: ✅ | R21: ❌ | S21: ✅ | T21: ✅ | X21: ✅ | Y21: @刘晓帝
A22: 车机屏幕开关（屏保） | C22: 屏保 - 开屏 (默认屏幕) | D22: P1 | E22: 打开屏幕 退出屏保 | F22: Y | G22: ScreenSaverManager.exitScreensaver | J22: 屏保开关 | M22: ScreenSaverManager.exitScreensaver | N22: ✅ | O22: ✅ | Q22: ✅ | R22: ❌ | S22: ❌ | T22: ✅ | W22: ✅ | X22: ✅ | Y22: @刘晓帝
A23: 车机屏幕开关（屏保） | C23: 屏保 - 指定屏幕息屏 | D23: P1 | E23: 打开<位置>的屏保，关闭<位置>的屏幕 <位置>：主驾、副驾，所有，中控，前排，后排 | F23: Y | G23: ScreenSaverManager.enterScreensaver | J23: 屏保开关 | M23: ScreenSaverManager.enterScreensaver | N23: ✅ | O23: ✅ | Q23: ✅ | R23: ❌ | S23: ❌ | T23: ❌ | U23: ✅ | W23: ✅ | X23: ✅ | Y23: @刘晓帝
A24: 车机屏幕开关（屏保） | C24: 屏保 - 指定屏幕开屏 | D24: P1 | E24: 关闭<位置>的屏保，打开<位置>的屏幕 <位置>：主驾、副驾，所有，中控，前排，后排 | F24: Y | G24: ScreenSaverManager.exitScreensaver | J24: 屏保开关 | M24: ScreenSaverManager.exitScreensaver | N24: ✅ | O24: ✅ | Q24: ✅ | R24: ❌ | S24: ❌ | T24: ❌ | U24: ✅ | W24: ✅ | X24: ✅ | Y24: @刘晓帝
A25: 车机屏幕开关（屏保） | C25: 屏保-切换屏保意图 | D25: P1 | E25: 换个屏保 | F25: Y | G25: ScreenSaverManager.setStyle | J25: 屏保开关 | M25: ScreenSaverManager.setStyle | N25: ✅ | O25: ✅ | Q25: ✅ | R25: ❌ | S25: ✅ | T25: ✅ | X25: ✅ | Y25: @刘晓帝
A26: 车机屏幕开关（屏保） | C26: 屏保 - 切换屏保内容 | D26: P1 | E26: 换成<屏保名称> <屏保名称>：黑色屏保、数字屏保、时钟屏保 | F26: Y | G26: ScreenSaverManager.setStyle | M26: ScreenSaverManager.setStyle | N26: ✅ | O26: ✅ | Q26: ✅ | R26: ❌ | S26: ✅ | T26: ✅ | X26: ✅ | Y26: @刘晓帝
A27: 主题切换 | B27: 主题切换 | C27: 主题切换 - 指定白天主题 | D27: P0 | E27: 切换白天背景，调节成浅色模式 | F27: Y | G27: ThemeManager.setThemeReqByHmi | I27: ✅ | J27: 昼夜模式切换 | M27: setThemeReqByHmi(int theme) getCurTheme() 1:{@link Constants#THEME_DAYTIME},2:{@link Constants#THEME_NIGHT},5:{@linkConstants#THEME_AUTO_DAYTIME},6:{@link Constants#THEME_AUTO_NIGHT},Failed -1 | N27: ✅ | Q27: ✅ | S27: ✅ | T27: ✅ | X27: ✅ | Y27: @刘晓帝
A28: 主题切换 | C28: 主题切换 - 指定黑夜主题 | D28: P0 | E28: 切换夜间模式、改成深色的背景 | F28: Y | G28: ThemeManager.setThemeReqByHmi | J28: 昼夜模式切换 | M28: setThemeReqByHmi(int theme) getCurTheme() 1:{@link Constants#THEME_DAYTIME},2:{@link Constants#THEME_NIGHT},5:{@linkConstants#THEME_AUTO_DAYTIME},6:{@link Constants#THEME_AUTO_NIGHT},Failed -2 | N28: ✅ | Q28: ✅ | S28: ✅ | T28: ✅ | X28: ✅ | Y28: @刘晓帝
A29: 主题切换 | C29: 主题切换-不指定 | D29: P1 | E29: 切换主题 | F29: Y | G29: ThemeManager.setThemeReqByHmi | J29: 昼夜模式切换 | M29: setThemeReqByHmi(int theme) getCurTheme() 1:{@link Constants#THEME_DAYTIME},2:{@link Constants#THEME_NIGHT},5:{@linkConstants#THEME_AUTO_DAYTIME},6:{@link Constants#THEME_AUTO_NIGHT},Failed -1 | N29: ✅ | Q29: ✅ | S29: ✅ | T29: ✅ | X29: ✅ | Y29: @刘晓帝
A30: 主题切换 | C30: 自动主题 - 打开 | D30: P1 | E30: 开启主题自动调整开关 | F30: Y | G30: ThemeManager.setThemeReqByHmi | J30: 昼夜模式切换 | N30: ✅ | Q30: ✅ | S30: ✅ | T30: ✅ | X30: ✅ | Y30: @刘晓帝
A31: 主题切换 | C31: 自动主题 - 关闭 | D31: P1 | E31: 关闭自动背景开关 | F31: Y | G31: ThemeManager.setThemeReqByHmi | N31: ✅ | Q31: ✅ | S31: ❌ | T31: ❌ | U31: ✅ | W31: ❌ | X31: ✅ | Y31: @刘晓帝
A32: 壁纸切换 | B32: 壁纸切换 | C32: 壁纸切换 - 意图 (打开列表) | D32: P1 | E32: 切换壁纸 | F32: Y | J32: 壁纸设置 | N32: ✅ | Q32: ✅ | U32: ✅ | W32: ✅ | X32: ✅ | Y32: @刘晓帝
A33: 壁纸切换 | C33: 壁纸切换 - 下一张 | D33: P1 | E33: 换到下一张壁纸 | F33: Y | G33: WallpaperManager changeWallpaper(boolean isNext, boolean onlyLauncher) onlyLauncher固定传true，isNext为true代表下一张，false代表上一张 | I33: ✅ | J33: 壁纸设置 | M33: com.zone.api.wallpaper.WallpaperManager changeWallpaper | N33: ✅ | Q33: ✅ | R33: ✅ | S33: ✅ | T33: ✅ | X33: ✅ | Y33: @刘晓帝
A34: 壁纸切换 | C34: 壁纸切换 - 上一张 | D34: P1 | E34: 切换到上一张壁纸 | F34: Y | I34: ✅ | N34: ✅ | Q34: ✅ | R34: ❌ | S34: ✅ | T34: ✅ | U34: ✅ | X34: ✅ | Y34: @刘晓帝
A35: 壁纸切换 | C35: 壁纸切换 - 上下文理解 (继续) | D35: P1 | E35: 再换一张 | F35: Y | I35: ✅ | N35: ✅ | Q35: ✅ | R35: ✅ | S35: ✅ | T35: ✅ | X35: ✅ | Y35: @刘晓帝
A36: 后排屏控制 | B36: 后排屏控制 | C36: 后排屏 - 锁定 | D36: P1 | E36: 锁定后排屏 | F36: N | G36: NA | J36: 屏幕锁开关 | Y36: @王东旭
A37: 后排屏控制 | C37: 后排屏 - 解锁 | D37: P1 | E37: 解锁后排屏 | F37: N | G37: NA | Y37: @王东旭
A38: 分屏控制 | B38: 分屏控制 | C38: 分屏 - 打开 | D38: P1 | E38: 打开分屏模式 | F38: Y | G38: 模拟系统手势广播可以实现隐藏和显示，3是显示，4是隐藏。 adb shell am broadcast -a "zone.intent.action.SWIPE_GESTURE" --ei "displayId" 0 --ei "direction" 3 --ei "fingers" 3 adb shell am broadcast -a "zone.intent.action.SWIPE_GESTURE" --ei "displayId" 0 --ei "direction" 4 --ei "fingers" 3 可以通过系统属性监听状态： Settings.System.getInt(resolver, "splitscreen_status", -1); 0、 1、 2 分别对应 隐藏 显示 动画中 | I38: ✅ | J38: 分屏开关 | N38: ✅ | O38: ✅ | Q38: ✅ | R38: ✅ | S38: ✅ | T38: ✅ | X38: ✅ | Y38: @王东旭
A39: 分屏控制 | C39: 分屏 - 关闭 | D39: P1 | E39: 关闭分屏模式 | F39: Y | N39: ✅ | O39: ✅ | Q39: ✅ | R39: ✅ | S39: ✅ | T39: ✅ | X39: ✅ | Y39: @王东旭
A40: 分屏控制 | C40: 分屏 - 打开设置页面 | D40: P1 | E40: 打开分屏设置页面 | F40: N | G40: NA | J40: 屏幕显示设置页面 | S40: ❌ | Y40: @王东旭
A41: 热点控制 | B41: 热点控制 | C41: 热点 - 查看密码 | D41: P1 | E41: 查看热点密码 | F41: Y | G41: ExtSoftApManager.getSoftApPassword | H41: ✅ | I41: ✅ | J41: 热点查看 | N41: ✅ | Q41: ✅ | R41: ❌ | S41: ✅ | T41: ✅ | X41: ✅ | Y41: @王东旭
A42: 热点控制 | C42: 热点 - 查看名称 | D42: P1 | E42: 查看热点名称 | F42: Y | G42: ExtSoftApManager.getSoftApName | H42: ✅ | N42: ✅ | Q42: ✅ | R42: ❌ | S42: ✅ | T42: ✅ | X42: ✅ | Y42: @王东旭
A43: 热点控制 | C43: 热点 - 切换频段意图 | D43: P1 | E43: 切换热点频段 | F43: Y（如果是频段切换支持） | G43: ExtSoftApManager.setHotspotBand 参数说明： Parameters: band — AP band SdkConstants#SOFTAP_BAND_2GHZ and SOFTAP_BAND_}prefix | H43: ✅ | J43: 热点频段调节 | N43: ✅ | Q43: ❌ | R43: ❌ | S43: ❌ | T43: ✅ | W43: ❌ | Y43: @王东旭
A44: 热点控制 | C44: 热点 - 切换指定频段 (2.4GHz) | D44: P1 | E44: 热点频段切换成 2.4GHz/5GHz | F44: Y | G44: ExtSoftApManager.setHotspotBand | H44: ✅ | N44: ✅ | Q44: ✅ | R44: ❌ | S44: ❌ | T44: ❌ | W44: ✅ | X44: ✅ | Y44: @王东旭
A45: 蓝牙控制 | B45: 蓝牙控制 | C45: 蓝牙 - 修改名称 | D45: P1 | E45: 修改蓝牙名称 | F45: Y | G45: BluetoothSettingsManager.setName | H45: ✅ | I45: ✅ | J45: 蓝牙名称设置 | N45: ✅ | Q45: ✅ | R45: ✅ | S45: ✅ | T45: ✅ | Y45: @王东旭
A46: 蓝牙控制 | C46: 蓝牙 - 打开可被发现开关 | D46: P1 | E46: 打开可被发现开关 | F46: Y | G46: BluetoothSettingsManager.setVisibleState | H46: ✅ | J46: 蓝牙可被发现开关 | N46: ✅ | Q46: ✅ | R46: ❌ | S46: ✅ | T46: ✅ | X46: ✅ | Y46: @王东旭
A47: 蓝牙控制 | C47: 蓝牙 - 关闭可被发现开关 | D47: P1 | E47: 关闭可被发现开关 | F47: Y | G47: BluetoothSettingsManager.setVisibleState | H47: ✅ | N47: ✅ | Q47: ✅ | R47: ❌ | S47: ✅ | T47: ✅ | X47: ✅ | Y47: @王东旭
A48: 蓝牙控制 | C48: 蓝牙 - 打开始终播放手机音频开关 | D48: P1 | E48: 打开始终播放手机音频开关 | F48: Y | G48: 安卓原生接口（seetingprovider）： Settings.Global的key：BT_PLAY_PHONE_MEDIA_SWITCH OFF = 0 ON = 1 | H48: ✅ | J48: 始终播放手机音频开关 | N48: ✅ | Q48: ✅ | R48: ✅ | S48: ✅ | T48: ✅ | X48: ✅ | Y48: @王东旭
A49: 时间格式控制 | B49: 时间格式控制 | C49: 时间格式 - 切换时间格式意图 | D49: P0 | E49: 时间格式切换 | F49: N | G49: adb shell am start -a com.zone.intent.tab.display -n com.zone.hmi.settings/com.zone.hmi.settings.ui.MainFragmentActivity --es SUB_ACTION subAction_theme_show_time_settings | H49: ✅ | I49: ✅ | J49: 时间格式设置 | N49: ✅ | Q49: ✅ | R49: ✅ | S49: ✅ | T49: ✅ | X49: ✅ | Y49: @王东旭
A50: 时间格式控制 | C50: 时间格式 - 切换指定格式 | D50: P0 | E50: 时间格式切换为 12 小时制/24小时制 | F50: Y | G50: TimeManager.set24Hour | H50: ✅ | N50: ✅ | Q50: ✅ | R50: ✅ | S50: ✅ | T50: ✅ | X50: ✅ | Y50: @王东旭
A51: 无线网络控制 | B51: 无线网络控制 | C51: 通信模块 - 重启 | D51: P1 | E51: 打开通信模块重启 | F51: Y | G51: 已支持 | H51: ✅ | I51: ✅ | J51: 通信重启 | N51: ✅ | Q51: ❌ | W51: ❌ | Y51: @王东旭
A52: 软件升级控制 | B52: 软件升级控制 | C52: 软件升级 - 检查版本 | D52: P1 | E52: 现在是最新版本吗 | F52: Y | G52: 跳转到FOTA页面 adb shell am start -a com.zone.intent.tab.software -n com.zone.hmi.settings/com.zone.hmi.settings.ui.MainFragmentActivity --es SUB_ACTION subAction_ota | H52: ❌ | I52: ❌ | J52: 端状态 | O52: 待产品提供端状态信息@吴仁杰 0701 仁杰：这个@韩天亮 已经提需求给到上汽了，等对方给反馈。 0703 天亮把接口信息给到忠谕 0707 忠谕说接口有问题，已让他提票 0713 忠谕今晚给结论，如果今晚解决不了就赶紧提票 | Y52: @王东旭
A53: 软件升级控制 | C53: 软件升级 - 开始升级 | D53: P1 | E53: 升级系统版本 | F53: Y | H53: ❌ | J53: 系统升级 | N53: ✅ | O53: ✅ | P53: ✅ | Q53: ✅ | S53: ✅ | T53: ✅ | X53: ✅ | Y53: @王东旭
A54: 软件升级控制 | C54: 软件升级 - 预约升级 | D54: P1 | E54: 预约升级版本 | F54: Y | H54: ❌ | J54: 系统升级 | N54: ✅ | O54: ✅ | P54: ✅ | Q54: ✅ | S54: ✅ | T54: ✅ | X54: ✅ | Y54: @王东旭
A55: 车机快速启动控制 | B55: 车机快速启动控制 | C55: 快速启动 - 打开 | D55: P1 | E55: 打开车机快速启动模式 | F55: Y | G55: val vehicleConfigValue = VehicleConfigValue() vehicleConfigValue.key = STR_STR vehicleConfigValue.valueBool = value vehicleConfig!!.setVehicleConfig(vehicleConfigValue) private const val STR_STR = "VehCfg_SW_STRState" | H55: ❌ | I55: ❌ | J55: 车机快速启动模式开关 | N55: ✅ | O55: ✅ | Q55: ✅ | R55: ❌ | S55: ✅ | T55: ✅ | X55: ✅ | Y55: @王东旭
A56: 车机快速启动控制 | C56: 快速启动 - 关闭 | D56: P1 | E56: 关闭车机快速启动模式 | F56: Y | H56: ❌ | J56: 车机快速启动模式开关 | N56: ✅ | O56: ✅ | Q56: ✅ | R56: ❌ | S56: ✅ | T56: ✅ | X56: ✅ | Y56: @王东旭
A57: 权限管理 | B57: 权限管理 | C57: 向指定应用授予指定权限 | D57: P1 | E57: 给地图应用定位的权限 | F57: Y | G57: setPermissionStatus | H57: ✅ | I57: ✅ | J57: 应用授权 | M57: setPermissionStatus(pkg, "PERM_MAP_LOCATION", 0, 1|2, 1); | N57: ✅ | O57: ✅ | Y57: @王东旭
A58: 权限管理 | C58: 向指定应用取消授权指定权限 | D58: P1 | E58: 取消地图应用的定位权限 | F58: Y | G58: setPermissionStatus | H58: ✅ | M58: setPermissionStatus(pkg, "PERM_MAP_LOCATION", 1, 1|2, 1) | N58: ✅ | O58: ✅ | Y58: @王东旭
A59: 权限管理 | C59: 指定权限授权 | D59: P1 | E59: 麦克风授权 定位授权 | F59: Y | G59: setPermissionStatus | H59: ✅ | M59: setPermissionStatus(pkg, "PERM_MICROPHONE", 0, 1|2, 1|2); setPermissionStatus(pkg, "PERM_LOCATION", 0, 1|2, 1); | N59: ✅ | O59: ✅ | Y59: @王东旭
A60: 权限管理 | C60: 指定应用授权 | D60: P1 | E60: 地图授权 语音授权 | F60: Y | G60: setPermissionStatus | H60: ✅ | M60: setPermissionStatus(pkg, "PERM_MAP", 0, 1|2, 1); setPermissionStatus(pkg, "PERM_VOICE", 0, 1|2, 1); | N60: ✅ | O60: ✅ | Y60: @王东旭
A61: 系统重置控制 | B61: 系统重置控制 | C61: 恢复出厂设置 | D61: P1 | E61: 恢复出厂设置 | F61: Y | G61: 前置条件： val conditionStatus: Int = mFactoryResetManager.checkFactoryResetPreCondition() return conditionStatus == FactoryResetManager.PRECONDITION_OK 跳转到恢复出厂设置入口页面 adb shell am start -a com.zone.intent.tab.software -n com.zone.hmi.settings/com.zone.hmi.settings.ui.MainFragmentActivity | I61: ✅ | J61: 系统恢复出厂设置 | M61: N | N61: ✅ | Q61: ✅ | X61: ✅ | Y61: @王东旭
A62: 安全控制 | B62: 安全控制 | C62: 车内电源 - 打开 | D62: P1 | E62: 打开车内电源 | F62: NA（车控接口） | G62: NA | I62: ✅ | J62: 一键上下电 | Y62: @王东旭
A63: 安全控制 | C63: 车内电源 - 关闭 | D63: P1 | E63: 关闭车内电源 | F63: Y | G63: IVehicleCommonInterface.setVehiclePowerOff | J63: 一键上下电 | N63: ✅ | O63: ✅ | Q63: ✅ | R63: ✅ | S63: ✅ | T63: ✅ | Y63: @王东旭
A64: 安全控制 | C64: 无线充电面板 - 打开 | D64: P0 | E64: 打开无线充电面板开关 | F64: Y | G64: WirelessChargeManager.setChargingSwitchStatus | J64: 手机无线充电开关 | N64: ✅ | O64: ✅ | Q64: ✅ | R64: ❌ | S64: ✅ | T64: ✅ | X64: ✅ | Y64: @王东旭
A65: 安全控制 | C65: 无线充电面板 - 关闭 | D65: P0 | E65: 关闭无线充电面板开关 | F65: Y | G65: WirelessChargeManager.setChargingSwitchStatus | J65: 手机无线充电开关 | N65: ✅ | O65: ✅ | Q65: ✅ | R65: ❌ | S65: ✅ | T65: ✅ | X65: ✅ | Y65: @王东旭
A66: 安全控制 | C66: 行车播放视频 - 打开/关闭 | D66: P0 | E66: 打开行车播放视频开关 | F66: Y | G66: Settings.Global的key：DRIVING_VIDEO_RESTRICTION OFF = 1 ON = 0 | J66: 行车娱乐限制开关 | M66: N | N66: ✅ | O66: ✅ | Q66: ✅ | R66: ❌ | S66: ❌ | T66: ✅ | W66: ✅ | X66: ✅ | Y66: @王东旭
A67: 声音 | B67: 声音 | C67: 音量调节意图未明确 - 未明确音量调节意图 | D67: P0 | E67: 调节音量；我想调音量 | F67: N | G67: 无开发需求，应该是语音自己的处理 | H67: - | J67: 音量调节 | K67: 语音控制声音平台化PRD.pdf 平台化_语音控制声音_flowchart_v1.17.pdf:https://bytedance.larkoffice.com/file/Yag5bZa8Fogx1nxT1rvcAyJCn0b | M67: 已接入 | N67: ✅ | O67: ✅ | Q67: ✅ | R67: ✅ | S67: ✅ | T67: ✅ | U67: ✅ | Y67: @谢军军
A68: 声音 | C68: 语音控制音量调节 - 调节音量大小 | D68: P0 | E68: 音量调高 / 低一点；小声一点；安静一点；声音响一点 | F68: Y | G68: 设置各种音量使用public boolean setGroupVolumeAsync(int groupId, int index, int flags) 接口， 设置静音使用public boolean setGroupMute(int groupId, boolean mute, int flags) groupId指音量类型（如下）， index 是音量step值，mute是指是否静音， flags 如果不需要弹窗建议使用VOLUME_CHANGE_FLAG_NO_TOAST_UI，需要弹窗可以使用VOLUME_CHANGE_FLAG_IMPORTANT_SHOW_UI | H68: ✅ | I68: ✅ 点检目标：声音可调节，能播放音频。 其他场景随功能支持节奏再看状态。 | J68: 音量调节 | M68: 已接入 | N68: ✅ | O68: ✅ | Q68: ✅ | R68: ✅ | S68: ❌ | T68: ❌ | U68: ✅ | V68: ✅ | Y68: @谢军军
A69: 声音 | C69: 语音控制音量调节 - 静音 & 关闭静音 | D69: P0 | E69: (关闭) 静音 | F69: Y | G69: 设置各种音量使用public boolean setGroupVolumeAsync(int groupId, int index, int flags) 接口， 设置静音使用public boolean setGroupMute(int groupId, boolean mute, int flags) groupId指音量类型（如下）， index 是音量step值，mute是指是否静音， flags 如果不需要弹窗建议使用VOLUME_CHANGE_FLAG_NO_TOAST_UI，需要弹窗可以使用VOLUME_CHANGE_FLAG_IMPORTANT_SHOW_UI | H69: ✅ | J69: 静音开关 | M69: 已接入 | N69: ✅ | O69: ✅ | Q69: ✅ | R69: ✅ | S69: ✅ | T69: ✅ | U69: ✅ | Y69: @谢军军
A70: 声音 | C70: 语音控制音量调节 - 声音调到具体值 | D70: P0 | E70: 音量调到 50%；音量调到 15 | F70: Y | G70: 设置各种音量使用public boolean setGroupVolumeAsync(int groupId, int index, int flags) 接口， 设置静音使用public boolean setGroupMute(int groupId, boolean mute, int flags) groupId指音量类型（如下）， index 是音量step值，mute是指是否静音， flags 如果不需要弹窗建议使用VOLUME_CHANGE_FLAG_NO_TOAST_UI，需要弹窗可以使用VOLUME_CHANGE_FLAG_IMPORTANT_SHOW_UI | H70: ✅ | J70: 音量调节 | M70: 已接入 | N70: ✅ | O70: ✅ | Q70: ✅ | R70: ✅ | S70: ✅ | T70: ✅ | U70: ❌ | W70: ✅ | Y70: @谢军军 | AB70: 202606121948090B56BEEAA81E2200F1E4 | AC70: 调到了16
A71: 声音 | C71: 语音控制音量调节 - 声音调高 / 低具体值 | D71: P0 | E71: 音量调高 / 低 20%；音量调高 / 低 2 格 | F71: Y | G71: 设置各种音量使用public boolean setGroupVolumeAsync(int groupId, int index, int flags) 接口， 设置静音使用public boolean setGroupMute(int groupId, boolean mute, int flags) groupId指音量类型（如下）， index 是音量step值，mute是指是否静音， flags 如果不需要弹窗建议使用VOLUME_CHANGE_FLAG_NO_TOAST_UI，需要弹窗可以使用VOLUME_CHANGE_FLAG_IMPORTANT_SHOW_UI | H71: ✅ | J71: 音量调节 | M71: 已接入 | N71: ✅ | O71: ✅ | Q71: ✅ | R71: ❌ | S71: ✅ | T71: ✅ | U71: ✅ | Y71: @谢军军
A72: 声音 | C72: 语音控制音量调节 - 声音调到最高 / 低 | D72: P0 | E72: 音量调到最大 / 小；声音调到最高 / 低 | F72: Y | G72: 设置各种音量使用public boolean setGroupVolumeAsync(int groupId, int index, int flags) 接口， 设置静音使用public boolean setGroupMute(int groupId, boolean mute, int flags) groupId指音量类型（如下）， index 是音量step值，mute是指是否静音， flags 如果不需要弹窗建议使用VOLUME_CHANGE_FLAG_NO_TOAST_UI，需要弹窗可以使用VOLUME_CHANGE_FLAG_IMPORTANT_SHOW_UI | H72: ✅ | J72: 音量调节 | M72: 已接入 | N72: ✅ | O72: ✅ | Q72: ✅ | R72: ❌ | S72: ✅ | T72: ✅ | U72: ✅ | Y72: @谢军军
A73: 声音 | C73: 语音控制音量调节 - 语音控制指定模块音量 | D73: P0 | E73: 调高 / 低导航音量；导航声音调到 12；音乐声音调高一格；来电铃声调到最高 | F73: Y | G73: 设置各种音量使用public boolean setGroupVolumeAsync(int groupId, int index, int flags) 接口， 设置静音使用public boolean setGroupMute(int groupId, boolean mute, int flags) groupId指音量类型（如下）， index 是音量step值，mute是指是否静音， flags 如果不需要弹窗建议使用VOLUME_CHANGE_FLAG_NO_TOAST_UI，需要弹窗可以使用VOLUME_CHANGE_FLAG_IMPORTANT_SHOW_UI | H73: ✅ | J73: 音量调节 | M73: 已接入 | N73: ✅ | O73: ✅ | Q73: ✅ | R73: ❌ | S73: ✅ | T73: ✅ | U73: ✅ | Y73: @谢军军
A74: 声音 | C74: 语音控制音量调节 - 语音控制指定模块静音 & 关闭静音 | D74: P0 | E74: 来电铃声静音；语音静音；导航音量静音；通话音量静音，多媒体静音，解除来电铃声静音；取消语音静音；取消导航音量静音；取消通话音量静音，解除多媒体静音 | F74: Y | G74: 设置各种音量使用public boolean setGroupVolumeAsync(int groupId, int index, int flags) 接口， 设置静音使用public boolean setGroupMute(int groupId, boolean mute, int flags) groupId指音量类型（如下）， index 是音量step值，mute是指是否静音， flags 如果不需要弹窗建议使用VOLUME_CHANGE_FLAG_NO_TOAST_UI，需要弹窗可以使用VOLUME_CHANGE_FLAG_IMPORTANT_SHOW_UI | H74: ✅ | J74: 静音开关 | M74: 已接入 | N74: ✅ | O74: ✅ | Q74: ✅ | R74: ❌ | S74: ❌ | T74: ❌ | U74: ✅ | V74: ✅ | Y74: @谢军军
A75: 声音 | C75: 语音控制音量调节 - 打开 / 关闭系统提示音 | D75: P1 | E75: 打开系统提示音；关闭系统提示音 | F75: Y | G75: CarAudioExtManager setSystemTonesPlayStatus(boolean status) 设置系统提示音播放开关 Parameters: status — 提示音开关 true 开,false 关 Returns: 设置结果，true 设置成功,false 设置失败 | H75: ✅ | J75: 静音开关 | M75: 已接入 | N75: ✅ | O75: ✅ | Q75: ✅ | R75: ❌ | S75: ✅ | T75: ✅ | U75: ✅ | Y75: @谢军军
A76: 声音 | C76: 语音控制音量调节 -语音控制蓝牙耳机音量 - 未明确音量调节意图 | D76: P1 | E76: 调节蓝牙耳机音量；我想调蓝牙耳机声音 | F76: N | G76: 意图理解，字节承接 | H76: ❌ | J76: 音量调节 | M76: 已接入 | N76: ✅ | Q76: ✅ | R76: ✅ | S76: ✅ | T76: ✅ | U76: ✅ | W76: ✅ | Y76: @谢军军
A77: 声音 | C77: 语音控制音量调节 -语音控制蓝牙耳机音量 - 调节蓝牙耳机音量 | D77: P1 | E77: 蓝牙耳机音量调大一点；蓝牙耳机声音调到 15；蓝牙耳机声音调高 20%；蓝牙耳机音量调到最低 | F77: Y | G77: 设置各种音量使用public boolean setGroupVolumeAsync(int groupId, int index, int flags) 接口， 设置静音使用public boolean setGroupMute(int groupId, boolean mute, int flags) groupId指音量类型（如下）， index 是音量step值，mute是指是否静音， flags 如果不需要弹窗建议使用VOLUME_CHANGE_FLAG_NO_TOAST_UI，需要弹窗可以使用VOLUME_CHANGE_FLAG_IMPORTANT_SHOW_UI | H77: ❌ | J77: 音量调节 | M77: 已接入 | N77: ✅ | Q77: ✅ | R77: ❌ | S77: ✅ | T77: ✅ | U77: ✅ | W77: ✅ | Y77: @谢军军
A78: 声音 | C78: 语音控制音量调节 -语音控制蓝牙耳机音量 - 蓝牙耳机音量保护功能 | D78: P1 | E78: 确认 | F78: N | G78: 意图理解，字节承接 | H78: ❌ | J78: 音量调节 | N78: ✅ | W78: ✅ | Y78: @谢军军
A79: 声音 | C79: 语音控制音量调节 -基于上下文理解语音调节音量大小 - 基于上下文理解语音调节音量大小 | D79: P1 | E79: 再调高一点；再低一点；再调高 / 低 30%；再调到最大 / 低 | F79: Y | G79: 设置各种音量使用public boolean setGroupVolumeAsync(int groupId, int index, int flags) 接口， 设置静音使用public boolean setGroupMute(int groupId, boolean mute, int flags) groupId指音量类型（如下）， index 是音量step值，mute是指是否静音， flags 如果不需要弹窗建议使用VOLUME_CHANGE_FLAG_NO_TOAST_UI，需要弹窗可以使用VOLUME_CHANGE_FLAG_IMPORTANT_SHOW_UI | H79: ❌ | J79: 音量调节 | M79: 已接入 | N79: ✅ | Q79: ✅ | R79: ✅ | S79: ✅ | T79: ✅ | U79: ✅ | W79: ✅ | Y79: @谢军军
A80: 声音 | C80: 整车声场模式与音量调节 - 整车声场模式与音量调节 | D80: P1 | E80: 无（权限判断类功能，无直接指令示例） | F80: Y | G80: 不同声场模式对音量调节的限制，zoneapi有音量调节和模式调节接口 | H80: ❌ | J80: ？ | N80: 无需开发 | O80: 左晨：2、整车声场模式与音量调节 - 整车声场模式与音量调节--无（权限判断类功能，无直接指令示例），这一条我可以删掉。 --->不属于指令 | W80: ✅ | Y80: @谢军军
A81: 声音 | C81: 车内声浪控制 - 切换车内声浪意图 | D81: P0 | E81: 切换车内声浪 | F81: Y | G81: 切换车内声浪意图，在当前车型中按照兜底即可 | H81: ❌ | J81: NA | N81: ✅ | Q81: ✅ | R81: block | S81: ✅ | T81: ✅ | U81: ✅ | W81: ✅ | Y81: @谢军军
A82: 声音 | C82: 车内声浪控制 - 打开 / 关闭车内声浪 | D82: P0 | E82: 打开车内声浪；关闭车内声浪 | F82: Y | G82: 应用中间件Audio使用规范V1.0.pdf 的章节5 | H82: ❌ | J82: NA | N82: ✅ | Q82: ✅ | R82: block | S82: ✅ | T82: ✅ | U82: ✅ | W82: ✅ | Y82: @谢军军
A83: 声音 | C83: 声场模式控制 - 切换声场模式意图 | D83: P0 | E83: 切换声场模式 | F83: Y 需求是打开设置页面，页面跳转类命令，依赖画面开发完成 | G83: //跳转音量界面顶部 adb shell am start -a com.zone.intent.tab.sound -n com.zone.hmi.settings/com.zone.hmi.settings.ui.MainFragmentActivity --es SUB_ACTION subAction_sound_show_volume_page_top //跳转音量界面底部 adb shell am start -a com.zone.intent.tab.sound -n com.zone.hmi.settings/com.zone.hmi.settings.ui.MainFragmentActivity --es SUB_ACTION subAction_sound_show_volume_page_bottom //跳转音效界面顶部 adb shell am start -a com.zone.intent.tab.sound -n com.zone.hmi.settings/com.zone.hmi.settings.ui.MainFragmentActivity --es SUB_ACTION subAction_sound_effect_show_page_top //跳转音效界面底部 adb shell am start -a com.zone.intent.tab.sound -n com.zone.hmi.settings/com.zone.hmi.settings.ui.MainFragmentActivity --es SUB_ACTION subAction_sound_effect_show_page_bottom | H83: ❌ | J83: 头枕音响模式调节 | M83: 已接入 | N83: ✅ | Q83: ❌ | R83: block | S83: ❌ | T83: ❌ | U83: ❌ | W83: ❌ | Y83: @谢军军
A84: 声音 | C84: 声场模式控制 - 设置声场模式设置项 | D84: P0 | E84: 整车声场模式切换为<mode> mode=整车共享、驾乘分区、主驾共享、前排专享、前后分区 | F84: Y | G84: 1、接口定义： (1)set接口 SmartSoundManager.setParameter(key, value); (2)get接口 int value = mSmartSoundManager.getParameter(String key) 2、key和value定义： （1）后排安静： key：SmartSoundManager.PAR_REAR_QUIET value：0 关闭； 1打开 （2）头枕模式： key：SmartSoundManager.PAR_HEAD_PILLOW_SETTING value： SmartSoundManager.HEAD_PILLOW_ALL 整车 SmartSoundManager.HEAD_PILLOW_ZONE 驾乘分区 SmartSoundManager.HEAD_PILLOW_DRIVER 主驾 SmartSoundManager.HEAD_PILLOW_AUTO_ALL 自动整车 SmartSoundManager.HEAD_PILLOW_AUTO_ZONE 自动驾乘分区 SmartSoundManager.HEAD_SEPARATE_PARTITION 独立分区 SmartSoundManager.HEAD_PILLOW_FRONT 前排专享 注意：自动可以用 SmartSoundManager.HEAD_PILLOW_AUTO_ALL 自动整车、SmartSoundManager.HEAD_PILLOW_AUTO_ZONE 自动驾乘分区 ，其中的两个的任意一个都可以 3、接口使用方法： （1） SoundManager tmpManager = SoundManager.getInstance(); mSmartSoundManager = mSoundManager.get().getSmartSoundManager(); // 注册监听 mSmartSoundManager.registerSmartSoundListener(new SmartSoundListener()); private final static class SmartSoundListener implements SmartSoundManager.SmartSoundListener { @Override public void onAudioSettingChange(String key, int value) { LogUtil.INSTANCE.logD(TAG, "onAudioSettingChange: key: " + key + " value: " + value); // 数据变化通知 } } | H84: ❌ | J84: 头枕音响模式调节 | M84: 已接入待验证 | N84: ✅ | Q84: ❌ | R84: ❌ | S84: ❌ | T84: ❌ | U84: ❌ | W84: ❌ | Y84: @谢军军
A85: 声音 | C85: 声场模式控制 - 打开 / 关闭声场模式设置页面 | D85: P1 | E85: 打开声场模式设置页面；关闭声场模式设置页面 | F85: Y | G85: //跳转音量界面顶部 adb shell am start -a com.zone.intent.tab.sound -n com.zone.hmi.settings/com.zone.hmi.settings.ui.MainFragmentActivity --es SUB_ACTION subAction_sound_show_volume_page_top //跳转音量界面底部 adb shell am start -a com.zone.intent.tab.sound -n com.zone.hmi.settings/com.zone.hmi.settings.ui.MainFragmentActivity --es SUB_ACTION subAction_sound_show_volume_page_bottom //跳转音效界面顶部 adb shell am start -a com.zone.intent.tab.sound -n com.zone.hmi.settings/com.zone.hmi.settings.ui.MainFragmentActivity --es SUB_ACTION subAction_sound_effect_show_page_top //跳转音效界面底部 adb shell am start -a com.zone.intent.tab.sound -n com.zone.hmi.settings/com.zone.hmi.settings.ui.MainFragmentActivity --es SUB_ACTION subAction_sound_effect_show_page_bottom | H85: ❌ | J85: 音效设置页面 | M85: 已接入 | N85: ✅ | Q85: ✅ | R85: ❌ | S85: ✅ | T85: ✅ | U85: ❌ | W85: ✅ | Y85: @谢军军
A86: 声音 | C86: 声场模式控制 - 打开头枕音箱 | D86: P0 | E86: 打开头枕音箱 | F86: Y | G86: 1、接口定义： (1)set接口 SmartSoundManager.setParameter(key, value); (2)get接口 int value = mSmartSoundManager.getParameter(String key) 2、key和value定义： （1）后排安静： key：SmartSoundManager.PAR_REAR_QUIET value：0 关闭； 1打开 （2）头枕模式： key：SmartSoundManager.PAR_HEAD_PILLOW_SETTING value： SmartSoundManager.HEAD_PILLOW_ALL 整车 SmartSoundManager.HEAD_PILLOW_ZONE 驾乘分区 SmartSoundManager.HEAD_PILLOW_DRIVER 主驾 SmartSoundManager.HEAD_PILLOW_AUTO_ALL 自动整车 SmartSoundManager.HEAD_PILLOW_AUTO_ZONE 自动驾乘分区 SmartSoundManager.HEAD_SEPARATE_PARTITION 独立分区 SmartSoundManager.HEAD_PILLOW_FRONT 前排专享 注意：自动可以用 SmartSoundManager.HEAD_PILLOW_AUTO_ALL 自动整车、SmartSoundManager.HEAD_PILLOW_AUTO_ZONE 自动驾乘分区 ，其中的两个的任意一个都可以 3、接口使用方法： （1） SoundManager tmpManager = SoundManager.getInstance(); mSmartSoundManager = mSoundManager.get().getSmartSoundManager(); // 注册监听 mSmartSoundManager.registerSmartSoundListener(new SmartSoundListener()); private final static class SmartSoundListener implements SmartSoundManager.SmartSoundListener { @Override public void onAudioSettingChange(String key, int value) { LogUtil.INSTANCE.logD(TAG, "onAudioSettingChange: key: " + key + " value: " + value); // 数据变化通知 } } | H86: ✅ | J86: 静音开关 | M86: 已接入待验证 0518 验证失败 | N86: ✅ | P86: block | Q86: block | R86: block | S86: block | T86: block | U86: ❌ | Y86: @谢军军
A87: 声音 | C87: 声场模式控制 - 关闭头枕音箱 | D87: P0 | E87: 关闭头枕音箱 | F87: Y | H87: ✅ | J87: 静音开关 | M87: 已接入待验证 0518 验证失败 | N87: ✅ | P87: block | Q87: block | R87: block | S87: block | T87: block | U87: ❌ | Y87: @谢军军
A88: 声音 | C88: 头枕环绕调节 | D88: P1 | E88: 打开头枕环绕；关闭头枕环绕；设置头枕环绕设置项 - 低档；设置头枕环绕设置项 - 中档；设置头枕环绕设置项 - 高档；打开头枕环绕设置 (页面) | F88: Y | G88: 应用中间件Audio使用规范V1.0.pdf 的章节5 key：headrestMode 就是头枕模式 | H88: ✅ | J88: NA | N88: ✅ | Q88: block | U88: ✅ | Y88: @谢军军
A89: 声音 | C89: 安全带声音 - 语音打开 / 关闭后排安全带开关 | D89: P0 | E89: 打开后排安全带未系提示音开关；关闭后排安全带未系提示音开关；后排安全带没系时不要提醒我 | F89: NA | G89: 无此接口需求， 该车型无此功能 | H89: ❌ | J89: NA | M89: NA | N89: NA | P89: block | Q89: Block | R89: 无此接口需求， 该车型无此功能 | S89: Block | Y89: @谢军军
A90: 声音 | C90: 后排安静 - 语音打开 / 关闭后排安静开关 | D90: P1 | E90: 打开后排安静；打开后排静音功能；关闭后排安静 | F90: Y | G90: 1、接口定义： (1)set接口 SmartSoundManager.setParameter(key, value); (2)get接口 int value = mSmartSoundManager.getParameter(String key) 2、key和value定义： （1）后排安静： key：SmartSoundManager.PAR_REAR_QUIET value：0 关闭； 1打开 （2）头枕模式： key：SmartSoundManager.PAR_HEAD_PILLOW_SETTING value： SmartSoundManager.HEAD_PILLOW_ALL 整车 SmartSoundManager.HEAD_PILLOW_ZONE 驾乘分区 SmartSoundManager.HEAD_PILLOW_DRIVER 主驾 SmartSoundManager.HEAD_PILLOW_AUTO_ALL 自动整车 SmartSoundManager.HEAD_PILLOW_AUTO_ZONE 自动驾乘分区 SmartSoundManager.HEAD_SEPARATE_PARTITION 独立分区 SmartSoundManager.HEAD_PILLOW_FRONT 前排专享 注意：自动可以用 SmartSoundManager.HEAD_PILLOW_AUTO_ALL 自动整车、SmartSoundManager.HEAD_PILLOW_AUTO_ZONE 自动驾乘分区 ，其中的两个的任意一个都可以 3、接口使用方法： （1） SoundManager tmpManager = SoundManager.getInstance(); mSmartSoundManager = mSoundManager.get().getSmartSoundManager(); // 注册监听 mSmartSoundManager.registerSmartSoundListener(new SmartSoundListener()); private final static class SmartSoundListener implements SmartSoundManager.SmartSoundListener { @Override public void onAudioSettingChange(String key, int value) { LogUtil.INSTANCE.logD(TAG, "onAudioSettingChange: key: " + key + " value: " + value); // 数据变化通知 } } | H90: ❌ | J90: 静音开关 | M90: 已接入 | N90: ✅ | P90: block | Q90: block | R90: block | S90: block | T90: block | U90: block | W90: block | Y90: @谢军军
A91: 声音 | C91: 前排安静 - 语音打开 / 关闭前排安静开关 | D91: P1 | E91: 打开前排安静；关闭前排安静；打开前排勿扰；关闭前排勿扰 | F91: NA | G91: 无此接口需求， 该车型无此功能 | H91: ❌ | M91: NA | N91: NA | P91: block | Q91: Block | R91: 无此接口需求， 该车型无此功能 | S91: Block | Y91: @谢军军
A92: 声音 | C92: 迎宾/欢送- 语音打开 / 关闭迎宾 / 欢送音开关 | D92: P1 | E92: 打开迎宾欢送音；关闭迎宾 / 欢送音；关闭迎宾音；关闭欢送音；打开车内迎宾音；打开车内欢送音 | F92: NA | G92: 无此接口需求， 该车型无此功能 | H92: ❌ | J92: NA | M92: NA | N92: NA | P92: block | Q92: Block | R92: 无此接口需求， 该车型无此功能 | S92: Block | Y92: @谢军军
A93: 声音 | C93: 迎宾/欢送- - 语音切换车外迎宾 / 欢送音意图 | D93: P1 | E93: 切换车外迎宾音；切换车外欢送音 | F93: NA | G93: 无此接口需求， 该车型无此功能 | H93: ❌ | J93: NA | M93: NA | N93: NA | P93: block | Q93: Block | R93: 无此接口需求， 该车型无此功能 | S93: Block | Y93: @谢军军
A94: 声音 | C94: 迎宾/欢送- - 语音切换自定义车外提示音意图 | D94: P1 | E94: 切换自定义车外提示音 | F94: NA | G94: 无此接口需求， 该车型无此功能 | H94: ✅ | J94: NA | M94: NA | N94: NA | P94: block | Q94: Block | R94: 无此接口需求， 该车型无此功能 | S94: Block | Y94: @谢军军
A95: 声音 | C95: 行人警示音 - 语音打开 / 关闭行人警示音开关 | D95: P0 | E95: 打开行人警示音；关闭行人警示音 | F95: Y | G95: /** * 设置车外行人警示音类型开关和风格 * <p>设置过程和结果通过{@link OnPolyVolumeListener#onPedestrianWarningSoundChanged}回调通知 * <p>注意：当enabled设置为false时，仅做关闭，soundType将被忽略 * * @param enabled 开关，{@code true}开 * @param soundType 类型，范围0到4 */ public void setPedestrianWarningSound(boolean enabled, int soundType) { | H95: ✅ | J95: 低速行人提示音开关 | M95: 已接入 | N95: ✅ | O95: ✅ | Q95: ✅ | R95: ✅ | S95: ❌ | T95: ✅ | U95: ✅ | Y95: @谢军军
A96: 声音 | C96: 行人警示音 - 语音切换行人警示音切换意图 | D96: P0 | E96: 切换行人警示音 | F96: Y 需求是打开设置页面，页面跳转类命令，依赖画面开发完成 | G96: //跳转音量界面顶部 adb shell am start -a com.zone.intent.tab.sound -n com.zone.hmi.settings/com.zone.hmi.settings.ui.MainFragmentActivity --es SUB_ACTION subAction_sound_show_volume_page_top //跳转音量界面底部 adb shell am start -a com.zone.intent.tab.sound -n com.zone.hmi.settings/com.zone.hmi.settings.ui.MainFragmentActivity --es SUB_ACTION subAction_sound_show_volume_page_bottom //跳转音效界面顶部 adb shell am start -a com.zone.intent.tab.sound -n com.zone.hmi.settings/com.zone.hmi.settings.ui.MainFragmentActivity --es SUB_ACTION subAction_sound_effect_show_page_top //跳转音效界面底部 adb shell am start -a com.zone.intent.tab.sound -n com.zone.hmi.settings/com.zone.hmi.settings.ui.MainFragmentActivity --es SUB_ACTION subAction_sound_effect_show_page_bottom | H96: ✅ | J96: 低速行人提示音开关 | M96: 已接入 | N96: ✅ | O96: ✅ | Q96: ❌ | R96: ❌ | S96: ❌ | T96: ✅ | U96: ❌ | W96: ❌ | Y96: @谢军军
A97: 声音 | C97: 行人警示音 - 语音切换具体的行人警示音 | D97: P1 | E97: 行人警示音切换为<音效名称> 音效名称=灵犀，星穹，锐风 | F97: Y | G97: /** * 设置车外行人警示音类型开关和风格 * <p>设置过程和结果通过{@link OnPolyVolumeListener#onPedestrianWarningSoundChanged}回调通知 * <p>注意：当enabled设置为false时，仅做关闭，soundType将被忽略 * * @param enabled 开关，{@code true}开 * @param soundType 类型，范围0到4 */ public void setPedestrianWarningSound(boolean enabled, int soundType) { | H97: ✅ | J97: 低速行人提示音开关 | M97: 已接入 | N97: ✅ | O97: ✅ | Q97: ✅ | R97: ❌ | S97: ❌ | T97: ❌ | U97: ❌ | W97: ✅ | Y97: @谢军军
A98: 声音 | C98: 语音控制环境音量补偿 | D98: P1 | E98: 打开环境音量补偿；关闭环境音量补偿； | F98: Y | G98: 应用中间件Audio使用规范V1.0.pdf 的章节5 | H98: ✅ | J98: 车速音量补偿开关 | M98: 已接入 | N98: ✅ | O98: ✅ | Q98: ✅ | W98: ✅ | Y98: @谢军军
A99: 声音 | E99: 设置环境音量补偿设置项 - 低档；设置环境音量补偿设置项 - 中档；设置环境音量补偿设置项 - 高档 | F99: Y | G99: 应用中间件Audio使用规范V1.0.pdf 的章节5 | H99: ✅ | J99: 车速音量补偿模式调节 | M99: 已接入 | N99: ✅ | O99: ✅ | Q99: ✅ | U99: ✅ | W99: ✅ | Y99: @谢军军
A100: 声音 | C100: 语音控制 AudioPilot 噪声补偿 | D100: P1 | E100: 打开 AudioPilot；关闭 AudioPilot | F100: N | G100: 无此接口需求， 该车型无此功能 | H100: ❌ | J100: NA | N100: ✅ | O100: 左晨：3、语音控制AudioPilot噪音补偿---->可看配置表，无此功能。 走兜底。 | P100: block | Q100: block | R100: 无此接口需求， 该车型无此功能 | S100: Block | T100: block | Y100: @谢军军
...

Sheet 通讯
A1: 功能名称 | B1: 功能名称 | C1: 二级功能名称 | D1: 优先级 | E1: 语音指令示例 | F1: 上汽接口是否支持@周怀君 | G1: 上汽排期 | H1: PPV1实车状态@方令平 | I1: FC函数@左晨 | J1: 控制PRD @左晨 | K1: 端状态PRD @陈西钺 | L1: 接口识别@汪帅 | M1: 研发进展@汪帅 | N1: 研发备注@汪帅 | O1: 测试用例 @赵晓健 | P1: 测试进展 @赵晓健 | Q1: 0427测试结果 | R1: 0519测试结果 | S1: 0605测试结果 | T1: 0612测试结果 | U1: 0627测试结果 | V1: 0710测试结果 | W1: 0717测试结果 | X1: 测试QA | Y1: 产品走查进展 @左晨 | Z1: 产品走查备注 | AA1: logid | AB1: 问题描述 | AC1: meego单 | AD1: 当前责任方 | AE1: 当前责任人 | AF1: 问题分类
A2: 蓝牙电话控制 | B2: 蓝牙电话控制 | C2: 语音识别到打电话意图 | D2: P0 | E2: 拨打电话 | F2: Y | H2: ✅ 点检目标：蓝牙连接手机,进行拨入电话,拨出电话操作。 | I2: 拨打电话 | J2: 【蓝牙电话】Vehicle_Platform1.0_IS4PR_Yu_Yin_Kong_Zhi_ES33_Yu_Yin_Kong_Zhi_Lan_Ya_Dian_Hua__prd_V5_0.pdf | L2: dial(XXX) | M2: ✅ | N2: ✅ | P2: ✅ | Q2: ✅ | R2: ✅ | S2: ✅ | T2: ✅ | U2: ✅ | W2: ✅ | X2: @郑永超
A3: 蓝牙电话控制 | C3: 语音识别到打电话意图 | D3: P0 | E3: 我要打电话 | F3: Y | I3: 拨打电话 | M3: ✅ | N3: ✅ | P3: ✅ | Q3: ✅ | R3: ✅ | S3: ✅ | T3: ✅ | U3: ✅ | W3: ✅ | X3: @郑永超
A4: 蓝牙电话控制 | C4: 语音识别到打电话意图 | D4: P0 | E4: 打个电话 | F4: Y | I4: 拨打电话 | M4: ✅ | N4: ✅ | P4: ✅ | Q4: ✅ | R4: ✅ | S4: ✅ | T4: ✅ | U4: ✅ | W4: ✅ | X4: @郑永超
A5: 蓝牙电话控制 | C5: 拨打电话号码 | D5: P0 | E5: 给 10086 打电话 | F5: Y | I5: 拨打电话 | M5: ✅ | N5: ✅ | P5: ✅ | Q5: ❌ | R5: ✅ | S5: ✅ | T5: ❌ | U5: ✅ | V5: ✅ | W5: ✅ | X5: @郑永超
A6: 蓝牙电话控制 | C6: 拨打电话号码 | D6: P0 | E6: 打电话给 517517 | F6: Y | I6: 拨打电话 | M6: ✅ | N6: ✅ | P6: ✅ | Q6: ❌ | R6: ✅ | S6: ✅ | T6: ✅ | U6: ✅ | W6: ✅ | X6: @郑永超
A7: 蓝牙电话控制 | C7: 确认拨打电话号码 | D7: P1 | E7: 确认 | F7: Y | G7: 有语音的二次交互需求，显示方案待确认（“确认”在AI画布？） | I7: 拨打电话 | M7: ✅ | N7: ✅ | P7: ✅ | R7: ✅ | S7: ✅ | T7: ✅ | U7: ✅ | W7: ✅ | X7: @郑永超
A8: 蓝牙电话控制 | C8: 确认拨打电话号码 | D8: P1 | E8: 你打吧 | F8: Y | G8: 有语音的二次交互需求，显示方案待确认（“确认”在AI画布？） | I8: 拨打电话 | M8: ✅ | N8: ✅ | P8: ✅ | R8: ✅ | S8: ✅ | T8: ✅ | U8: ✅ | W8: ✅ | X8: @郑永超
A9: 蓝牙电话控制 | C9: 纠错电话号码 | D9: P0 | E9: 将 123 改成 124 | F9: Y | G9: 都是HMI的操作，不涉及ZoneApi | I9: Planner处理 | M9: ✅ | N9: ✅ | P9: ✅ | Q9: ✅ | R9: ✅ | S9: ✅ | T9: ✅ | U9: ✅ | W9: ✅ | X9: @郑永超
A10: 蓝牙电话控制 | C10: 纠错电话号码 | D10: P0 | E10: 将号码 127 改为 124 | F10: Y | G10: 都是HMI的操作，不涉及ZoneApi | I10: Planner处理 | M10: ✅ | N10: ✅ | P10: ✅ | Q10: ✅ | R10: ❌ | S10: ✅ | T10: ✅ | U10: ✅ | W10: ✅ | X10: @郑永超
A11: 蓝牙电话控制 | C11: 语音拨打联系人 | D11: P0 | E11: 打给张三 | F11: Y | G11: 无组合接口，需要调用查找的接口，找到对应号码后再发起拨号 | I11: 拨打电话 | M11: ✅ | N11: ✅ | P11: ✅ | Q11: ❌ | R11: ❌ | S11: ✅ | T11: ✅ | U11: ✅ | W11: ✅ | X11: @郑永超
A12: 蓝牙电话控制 | C12: 选择具体的号码 | D12: P1 | E12: 选择第二个 | F12: Y | I12: 拨打电话 | M12: ✅ | N12: ✅ | P12: ✅ | U12: ✅ | W12: ✅ | X12: @郑永超
A13: 蓝牙电话控制 | C13: 重拨 | D13: P1 | E13: 重拨，重新拨打上一个电话 | F13: Y | G13: 无组合接口，需要调用查找的接口，找到对应号码后再发起拨号 | I13: 拨号控制 | M13: ✅ | N13: ✅ | P13: ✅ | Q13: Block | R13: ✅ | S13: ✅ | T13: ✅ | U13: ✅ | W13: ✅ | X13: @郑永超
A14: 蓝牙电话控制 | C14: 回拨 | D14: P1 | E14: 回拨，回拨号码 | F14: Y | G14: 无组合接口，需要调用查找的接口，找到对应号码后再发起拨号 | I14: 拨号控制 | M14: ✅ | N14: ✅ | P14: ✅ | Q14: Block | R14: ❌ | S14: ✅ | T14: ✅ | U14: ✅ | W14: ✅ | X14: @郑永超
A15: 蓝牙电话控制 | C15: 按号段 / 尾号拨打电话 | D15: P0 | E15: 拨打张三 139 的号码 拨打张三尾号 4545 的号码 | F15: Y | G15: 无组合接口，需要调用查找的接口，找到对应号码后再发起拨号 | I15: 拨打电话 | M15: ✅ | N15: ✅ | P15: ✅ | Q15: Block | R15: ❌ | S15: ✅ | T15: ✅ | U15: ✅ | W15: ✅ | X15: @郑永超
A16: 蓝牙电话控制 | C16: 按黄页拨打电话 | D16: P1 | E16: 打电话给中国移动，打电话给肯德基 | F16: Y | G16: 同“拨打电话号码” | I16: Planner处理 | M16: ✅ | N16: ✅ | P16: ✅ | Q16: Block | R16: ✅ | S16: ✅ | T16: ✅ | U16: ✅ | W16: ✅ | X16: @郑永超
A17: 蓝牙电话控制 | C17: 语音取消拨打电话 | D17: P1 | E17: 取消拨打，不要打了 | F17: Y | I17: 拨打电话 | M17: ✅ | N17: ✅ | P17: ✅ | Q17: Block | R17: ✅ | S17: ✅ | T17: ✅ | U17: ✅ | W17: ✅ | X17: @郑永超
A18: 蓝牙电话控制 | C18: 语音接听电话 | D18: P0 | E18: 接听，接电话 | F18: Y | I18: 拨号控制 | L18: public int acceptCall（String address） | M18: ✅ | N18: ✅ | P18: ✅ | Q18: ❌ | R18: ✅ | S18: ✅ | T18: ✅ | U18: ✅ | W18: ✅ | X18: @郑永超
A19: 蓝牙电话控制 | C19: 语音拒接电话 | D19: P0 | E19: 挂断 | F19: Y | I19: 拨号控制 | L19: public int terminateCall（String address） | M19: ✅ | N19: ✅ | P19: ✅ | Q19: ❌ | R19: ❌ | S19: ❌ | T19: ❌ | U19: ✅ | V19: ✅ | W19: ✅ | X19: @郑永超
A20: 蓝牙电话控制 | C20: 语音拒接电话 | D20: P1 | E20: 拒接 | F20: Y | I20: 拨号控制 | L20: public int rejectCall（String address） | M20: ✅ | N20: ✅ | P20: ✅ | Q20: ❌ | R20: ✅ | S20: ✅ | T20: ✅ | U20: ✅ | W20: ✅ | X20: @郑永超
A21: 蓝牙电话控制 | C21: 同步通讯录 / 通话记录 | D21: P1 | E21: 同步通讯录，同步通话记录 | F21: Y | I21: 同步通讯录 | M21: ✅ | N21: ✅ | P21: ✅ | Q21: ❌ | R21: ❌ | S21: ✅ | T21: ✅ | U21: ✅ | W21: ✅ | X21: @郑永超
A22: 蓝牙电话控制 | C22: 查看通讯录 / 通话记录 | D22: P0 | E22: 查看通讯录，查看通话记录 | F22: Y | I22: 通讯页面开关 | M22: ✅ | N22: ✅ | P22: ✅ | Q22: ❌ | R22: ✅ | S22: ✅ | T22: ✅ | U22: ✅ | W22: ✅ | X22: @郑永超
A23: 蓝牙电话控制 | C23: 查找联系人电话 | D23: P0 | E23: 查找张三的电话，查一下张三的号码 | F23: Y | I23: 号码查询 | M23: ✅ | N23: ✅ | P23: ✅ | Q23: Block | R23: ❌ | S23: ✅ | T23: ✅ | U23: ✅ | W23: ✅ | X23: @郑永超
A24: 蓝牙电话控制 | C24: 打开蓝牙电话页面 | D24: P1 | E24: 打开蓝牙电话，进入蓝牙电话 | F24: Y | G24: 原生打开app接口，不涉及ZoneApi | I24: 指定应用打开 | M24: ✅ | N24: ✅ | P24: ✅ | Q24: Block | R24: ❌ | S24: ✅ | T24: ✅ | U24: ✅ | W24: ✅ | X24: @郑永超
A25: 蓝牙电话控制 | C25: 退出蓝牙电话页面 | D25: P1 | E25: 退出蓝牙电话 | F25: Y | G25: 不涉及ZoneApi，拉起其他app（如退出到桌面，拉起桌面即可） | M25: ✅ | N25: ✅ | P25: ✅ | Q25: Block | R25: ❌ | S25: ❌ | T25: ✅ | U25: ✅ | W25: ✅ | X25: @郑永超
A26: 车主直呼（视频通话） | B26: 车主直呼（视频通话） | C26: 拨打视频 | D26: P1 | E26: 车主直呼/拨打视频 | F26: Y | G26: 车主直呼 SDK 接入文档.docx cardirectcall-1.0.0.2-20260609.014325-1.aar:https://internal-api-drive-stream.larkoffice.com/space/api/box/stream/download/preview/Wv6obGzTaoYBmyxUAobcC0zZnOe?mount_point=docx_file&preview_type=16 | I26: 视频通话 | J26: 【车主直呼】Vehicle_Platform1.0_IS4PR_Yu_Yin_Kong_Zhi_IS4PR_Yu_Yin_Kong_Zhi_Yuan_Cheng_Yin_Shi_Pin_Tong_Hua.pdf | X26: @郑永超
A27: 车主直呼（视频通话） | C27: 拨打指定人视频 | D27: P1 | E27: 打视频给车主/妈妈/爸爸/家长 | F27: Y | X27: @郑永超

Sheet 智能驾驶✅
A1: 功能名称 | B1: 功能名称 | C1: 二级功能名称 | D1: 优先级 | E1: 语音指令示例 | F1: 上汽接口是否支持@周怀君 | G1: 上汽排期 | H1: PPV1实车状态@方令平 | I1: FC函数@左晨 | J1: 控制PRD @左晨 | K1: 端状态PRD @陈西钺 | L1: 接口识别@汪帅 | M1: 研发进展@汪帅 | N1: 研发备注@汪帅 | O1: 测试用例 @赵晓健 | P1: 测试进展 @赵晓健 | Q1: 0427测试结果 | R1: 0519测试结果 | S1: 测试QA | T1: 产品走查进展 @左晨 | U1: 产品走查备注 | Y1: 当前责任方 | Z1: 当前责任人 | AA1: 问题分类
A2: 自动泊车控制 | B2: 自动泊车控制 | C2: 自动泊入 | D2: P1 | E2: 帮我泊入 开始泊入 帮我停车 帮我车头泊入 | F2: NA | G2: 0702 怀君反馈改NA | H2: ❌ | I2: 泊入泊出操作 | J2: 【自动泊车0318】Vehicle_Platform1.0_IS4PR_Yu_Yin_Kong_Zhi_IS4PR_Yu_Yin_Kong_Zhi_Zi_Dong_Bo_Che.pdf 乘用车_语音控制自动泊车_Flow Chart .pdf:https://internal-api-drive-stream.larkoffice.com/space/api/box/stream/download/preview/FtWebYELrolA83xKevWctbf3nFc?mount_point=docx_file&preview_type=16 | L2: 1、缺少泊车控制相关的 api（缺少SDK ） 2、缺少一键贴边 api 3、 缺少一键循迹 api 4、缺少收藏车位相关的api 5、缺少打开泊车app界面,（需要判断该界面是否在前台、界面中是否有泊入和泊出按钮） 6、缺少判断当前车位是否支持车头或车尾泊入的api 7、查询泊车停车位数量的接口 8、选择指定泊车停车位的接口 9、泊出有暂停后继续的接口 10、获取泊出的状态，是否为暂停状态下 | S2: @刘晓帝
A3: 自动泊车控制 | C3: 自动泊出 | D3: P1 | E3: 帮我泊出 开始泊出 | F3: NA | I3: 泊入泊出操作 | S3: @刘晓帝
A4: 自动泊车控制 | C4: 一键贴边 | D4: P1 | E4: 帮我一键贴边 靠边停车 帮我侧方停车 | F4: NA | I4: 靠边停车 | N4: 该功能实车不支持 | S4: @刘晓帝
A5: 自动泊车控制 | C5: 一键循迹 | D5: P1 | E5: 开始一键循迹 帮倒出去 | F5: NA | I5: 原路倒车 | S5: @刘晓帝
A6: 自动泊车控制 | C6: 记忆泊车 | D6: P1 | E6: 打开记忆泊车 启动记忆泊车 | F6: NA | I6: 记忆泊车开关 | L6: 1.缺少查询当前车库是否有匹配地图的接口 2.需要查询收藏的车位的接口 3.泊车选择某个收藏的车位接口 | S6: @刘晓帝
A7: 自动泊车控制 | C7: 打开自动泊车 APP | D7: P0 | E7: 打开全景泊车辅助 关闭全景泊车辅助 打开泊车辅助 关闭泊车辅助 | F7: Y | G7: AvmManager avmManager = AvmManager.getInstance(); avmManager.init(context); avmManager.setAvmViewStatus(sourceId, AvmStatus); sourceId参见 com.zone.api.avm.type.SourceID AvmStatus参见 com.zone.api.avm.type.Avm sourceId就填 SourceID.ID_SPEECH | I7: 全景影像开关 | M7: ✅ | N7: ✅ | P7: ✅ | R7: ✅ | S7: @刘晓帝
A8: 自动泊车控制 | C8: 控制 PDC 雷达静音开关 - 打开 | D8: P1 | E8: 打开 PDC 雷达静音开关 | F8: NA（需求收缩，不需要了-0730） | G8: 初始化 AvmManager avmManager = AvmManager.getInstance(); avmManager.init(context); 使用 avmManager.getPDCAudioStatus() avmManager.setPDCAudioStatus(Status) //status参见PDCAudioSysID类 avmManager.registerAvmStatusListener //AvmStatusListener类中覆盖onAvmPDCAudioStatusChange方法接收变化回调 销毁 avmManager.release() | I8: 静音开关 | L8: 04.21:实车PDC雷达静音开关不可用 =》 上汽反馈明天弄好 =》 04.22：实车测试PDC雷达静音开关还是不可用 =》上汽反馈需要到8月30才能完成该功能 | S8: @刘晓帝
A9: 自动泊车控制 | C9: 控制 PDC 雷达静音开关 - 关闭 | D9: P1 | E9: 关闭 PDC 雷达静音开关 | F9: NA（需求收缩，不需要了-0730） | S9: @刘晓帝
A10: 智驾行车控制 | B10: 智驾行车控制 | C10: 巡航速度调节 | D10: P0 | E10: 巡航速度快点/慢点 巡航速度设置为XX 开快一点/开慢一点 车速设为60 | F10: Y | G10: ACCDrvrSelTrgtSpd IAdsInterface /** ACC目标车速获取 PermissionRequest(permissions = { zone.permission.vehicle.DEVICE_GET }) @param result {@link IntResult#getResult()} @return {@link ResultCode} */ @ResultCode int getAccDrvrSelTrgtSpd(@NonNull FloatResult result); AdsCallbackFlag.ACC_DRVR_SEL_TRGT_SPD IAdsCallback /** ACC目标车速（Float结果）更新通知 * @param result <br>{@link IntResult#getResult()} {@link AdsDrivingMode}<br> 返回结果码 {@link IntResult#getCode()} {@link com.zone.api.vehicle.common.result.ResultCode} */ default void onAccDrvrSelTrgtSpdChanged(FloatResult result) { // TODO: 21-4-19 logic will be implemented by client. } | I10: 车速控制 | J10: 【智驾行车0313】Vehicle_Platform1.0_IS4PR_Yu_Yin_Kong_Zhi_Yu_Yin_Kong_Zhi_Zhi_Jia_Xing_Che_Gong_Neng.pdf | L10: Y | M10: ✅ | N10: ✅ | S10: @刘晓帝 | W10: ACCDrvrSelTrgtSpd IAdsInterface /** ACC目标车速获取 PermissionRequest(permissions = { zone.permission.vehicle.DEVICE_GET }) @param result {@link IntResult#getResult()} @return {@link ResultCode} */ @ResultCode int getAccDrvrSelTrgtSpd(@NonNull FloatResult result); AdsCallbackFlag.ACC_DRVR_SEL_TRGT_SPD IAdsCallback /** ACC目标车速（Float结果）更新通知 * @param result <br>{@link IntResult#getResult()} {@link AdsDrivingMode}<br> 返回结果码 {@link IntResult#getCode()} {@link com.zone.api.vehicle.common.result.ResultCode} */ default void onAccDrvrSelTrgtSpdChanged(FloatResult result) { // TODO: 21-4-19 logic will be implemented by client. }
A11: 智驾行车控制 | C11: 跟车时距调节语音控制 | D11: P0 | E11: 巡航时距远点/近点 巡航时距设置为XX 跟车远一点/跟车近一点 车距设为2档 | F11: Y | G11: ACCSeldTrgtDistLvl IAdsInterface /** ACC目标时距获取 PermissionRequest(permissions = { zone.permission.vehicle.DEVICE_GET }) @param result {@link IntResult#getResult()} <br> {0x0: "ACCDrvrSeldTrgtDistLvl_0_NoGapSet"<br> * 0x1: "ACCDrvrSeldTrgtDistLvl_1_DistanceLevel1_near"<br> * 0x2: "ACCDrvrSeldTrgtDistLvl_2_DistanceLevel2_middle"<br> * 0x3: "ACCDrvrSeldTrgtDistLvl_3_DistanceLevel3_far"} @return {@link ResultCode} */ @ResultCode int getAccDrvrSeldTrgtDistLvl(@NonNull IntResult result); AdsCallbackFlag.ACC_DRVR_SELD_TRGT_DIST_LVL IAdsCallback /** ACC目标时距变更更新通知 * @param result <br> {@link IntResult#getResult()} <br> {0x0: "ACCDrvrSeldTrgtDistLvl_0_NoGapSet" * <br> 0x1: "ACCDrvrSeldTrgtDistLvl_1_DistanceLevel1_near" * <br> 0x2: "ACCDrvrSeldTrgtDistLvl_2_DistanceLevel2_middle" * <br> 0x3: "ACCDrvrSeldTrgtDistLvl_3_DistanceLevel3_far"} <br> 返回结果码 {@link IntResult#getCode()} {@link com.zone.api.vehicle.common.result.ResultCode} */ default void onAccDrvrSeldTrgtDistLvlChanged(IntResult result) { // TODO: 21-4-19 logic will be implemented by client. } | I11: 巡航车距调节 | L11: Y | M11: ✅ | N11: ✅ | S11: @刘晓帝 | W11: ACCSeldTrgtDistLvl IAdsInterface /** ACC目标时距获取 PermissionRequest(permissions = { zone.permission.vehicle.DEVICE_GET }) @param result {@link IntResult#getResult()} <br> {0x0: "ACCDrvrSeldTrgtDistLvl_0_NoGapSet"<br> * 0x1: "ACCDrvrSeldTrgtDistLvl_1_DistanceLevel1_near"<br> * 0x2: "ACCDrvrSeldTrgtDistLvl_2_DistanceLevel2_middle"<br> * 0x3: "ACCDrvrSeldTrgtDistLvl_3_DistanceLevel3_far"} @return {@link ResultCode} */ @ResultCode int getAccDrvrSeldTrgtDistLvl(@NonNull IntResult result); AdsCallbackFlag.ACC_DRVR_SELD_TRGT_DIST_LVL IAdsCallback /** ACC目标时距变更更新通知 * @param result <br> {@link IntResult#getResult()} <br> {0x0: "ACCDrvrSeldTrgtDistLvl_0_NoGapSet" * <br> 0x1: "ACCDrvrSeldTrgtDistLvl_1_DistanceLevel1_near" * <br> 0x2: "ACCDrvrSeldTrgtDistLvl_2_DistanceLevel2_middle" * <br> 0x3: "ACCDrvrSeldTrgtDistLvl_3_DistanceLevel3_far"} <br> 返回结果码 {@link IntResult#getCode()} {@link com.zone.api.vehicle.common.result.ResultCode} */ default void onAccDrvrSeldTrgtDistLvlChanged(IntResult result) { // TODO: 21-4-19 logic will be implemented by client. }
A12: 智驾行车控制 | C12: 语音控制变道 | D12: P0 | E12: 帮我向左变道/帮我向右变道 变道到左边车道/变道到右边车道 去左边车道/去右边车道 | F12: Y | G12: SOP+ IAdsInterface int setAutoLaneChngVcCmd(int value) 接口参数参照AutoLaneChngVcCmdType定义： @IntDef({AutoLaneChngVcCmdType.AUTO_LANE_CHNG_LEFT, AutoLaneChngVcCmdType.AUTO_LANE_CHNG_RIGHT, AutoLaneChngVcCmdType.AUTO_LANE_CHNG_CANCELED,}) @Target({ElementType.PARAMETER}) @Retention(RetentionPolicy.SOURCE) public @interface AutoLaneChngVcCmdType { int AUTO_LANE_CHNG_LEFT = 0; int AUTO_LANE_CHNG_RIGHT = 1; int AUTO_LANE_CHNG_CANCELED = 2; } | I12: 车辆换道 | L12: N | M12: ✅ | N12: ✅0603 需要在P基线进行测试，上汽侧不满足/0615用上汽P基线的车测也不通，需要上汽解决 | S12: @刘晓帝 | W12: IAdsInterface int setAutoLaneChngVcCmd(int value) 接口参数参照AutoLaneChngVcCmdType定义： @IntDef({AutoLaneChngVcCmdType.AUTO_LANE_CHNG_LEFT, AutoLaneChngVcCmdType.AUTO_LANE_CHNG_RIGHT, AutoLaneChngVcCmdType.AUTO_LANE_CHNG_CANCELED,}) @Target({ElementType.PARAMETER}) @Retention(RetentionPolicy.SOURCE) public @interface AutoLaneChngVcCmdType { int AUTO_LANE_CHNG_LEFT = 0; int AUTO_LANE_CHNG_RIGHT = 1; int AUTO_LANE_CHNG_CANCELED = 2; }
A13: 智驾行车控制 | C13: 辅助驾驶风格调节 | D13: P0 | E13: 辅助驾驶/智能驾驶风格激进/运动一些 辅助驾驶/智能驾驶开稳当/保守一些 辅助驾驶风格调到舒适、标准、运动 | F13: Y | G13: /** * 智驾风格设置 * PermissionRequest(permissions = { zone.permission.vehicle.ADS_SET }) * @param mode : 模式设置 {@link AiPilotDrvMdlSts} * * @return {@link ResultCode} */ @ResultCode int setAiPilotDrvMdlS(@AiPilotDrvMdlSts int mode); /** * 智驾风格获取 * PermissionRequest(permissions = { zone.permission.vehicle.DEVICE_GET }) * @param result : 结果 {@link IntResult}{@link AiPilotDrvMdlSts} * * @return {@link ResultCode} */ @ResultCode int getAiPilotDrvMdlS(@NonNull IntResult result); @IntDef({AiPilotDrvMdlSts.SAFE_DRIVING_MODEL, AiPilotDrvMdlSts.STEADY_DRIVING_MODEL, AiPilotDrvMdlSts.RADICAL_DRIVING_MODEL, AiPilotDrvMdlSts.SELF_LEARNING_MODEL,}) @Target({ElementType.PARAMETER}) @Retention(RetentionPolicy.SOURCE) public @interface AiPilotDrvMdlSts { /** SAFE_DRIVING_MODEL = 0 : 柔和*/ int SAFE_DRIVING_MODEL = 0; /** STEADY_DRIVING_MODEL = 1 : 标准*/ int STEADY_DRIVING_MODEL = 1; /** RADICAL_DRIVING_MODEL = 2 : 高效敏捷*/ int RADICAL_DRIVING_MODEL = 2; /** SELF_LEARNING_MODEL = 3 : for PP01 功能无*/ int SELF_LEARNING_MODEL = 3; } | I13: 自动驾驶风格设置 | L13: Y | M13: ✅ | N13: ✅ | S13: @刘晓帝 | W13: /** * 智驾风格设置 * PermissionRequest(permissions = { zone.permission.vehicle.ADS_SET }) * @param mode : 模式设置 {@link AiPilotDrvMdlSts} * * @return {@link ResultCode} */ @ResultCode int setAiPilotDrvMdlS(@AiPilotDrvMdlSts int mode); /** * 智驾风格获取 * PermissionRequest(permissions = { zone.permission.vehicle.DEVICE_GET }) * @param result : 结果 {@link IntResult}{@link AiPilotDrvMdlSts} * * @return {@link ResultCode} */ @ResultCode int getAiPilotDrvMdlS(@NonNull IntResult result); @IntDef({AiPilotDrvMdlSts.SAFE_DRIVING_MODEL, AiPilotDrvMdlSts.STEADY_DRIVING_MODEL, AiPilotDrvMdlSts.RADICAL_DRIVING_MODEL, AiPilotDrvMdlSts.SELF_LEARNING_MODEL,}) @Target({ElementType.PARAMETER}) @Retention(RetentionPolicy.SOURCE) public @interface AiPilotDrvMdlSts { /** SAFE_DRIVING_MODEL = 0 : 柔和*/ int SAFE_DRIVING_MODEL = 0; /** STEADY_DRIVING_MODEL = 1 : 标准*/ int STEADY_DRIVING_MODEL = 1; /** RADICAL_DRIVING_MODEL = 2 : 高效敏捷*/ int RADICAL_DRIVING_MODEL = 2; /** SELF_LEARNING_MODEL = 3 : for PP01 功能无*/ int SELF_LEARNING_MODEL = 3; }
C16: 上汽支持的接口 | E16: 字节确认是否满足（查缺补漏） | F16: 缺少的接口
A17: 语音控制自动泊车&一键循迹&一键贴边&代客泊车 | B17: 语音控制自动泊车&一键循迹&一键贴边&代客泊车 | C17: APA是否在前台 | F17: 缺少是否支持自动泊车功能的接口
C18: 低功耗模式判断（评审时取消） | F18: 缺少智驾是否开启的接口
C19: APA泊车系统故障（评审时取消） | F19: 缺少获取泊出状态的接口
C20: 打开自动泊入功能 | F20: L3功能是否激活的接口
C21: 进入寻库界面
C22: 找车位中（未找到车位）
C23: 找车位中（已找到车位，但未停车）
C24: 泊入Ready（找到车位且停车）
C25: 当前最大可选车位数
C26: 开始泊入
C27: 选择的车位是否支持车头/车位泊入操作
C28: 选择的车位是否支持车头泊入操作
C29: 选择的车位是否支持尾泊入操作
C30: 界面显示出【自动泊入】按钮
C31: 界面没有【开始泊出】的按键
C32: 当前为泊入控车阶段
... C35: 请求自动泊出
C36: 界面有泊出方向 | F36: 缺少选择泊出方向的api
C37: 界面没有泊出方向 | F37: 缺少获取泊入状态的接口
C38: 界面有【开始泊出】的按键
C39: 界面没有【开始泊出】的按键
C40: 泊出控车阶段
C41: 泊出激活后的暂停可继续状态（界面有【继续】泊出的按键）
C42: 一键循迹界面是否在前台
C43: 打开一键循迹
C44: 进入一键循迹预激活界面
C45: 一键循迹预激活界面是否在前台
C46: 一键贴边界面是否在前台
C47: 打开一键贴边
C48: 进入一键贴边预激活界面
C49: 一键贴边激活界面是否在前台
... C58: 进入路线管理界面
C59: 反馈记忆泊车路线管理界面 | F59: 缺少当前位置是否有地图的api
C60: 当前收藏车位数量是否 > 1
C61: 激活自动巡航
C62: 传递用户选择车位的编号给AVP
C63: 收藏车位的最大数量

Sheet 多媒体
A1: 功能不支持已托底 | B1: 功能不支持已托底 | C1: 二级功能名称 | D1: 三级功能名称 | E1: 优先级 | F1: 语音指令示例 | G1: 3.20接口反馈 | H1: 上汽接口是否支持@周怀君 | I1: zoneApi接口 | J1: EP实车状态@方令平 | K1: PPV1实车状态@方令平 | L1: FC函数@韩天亮 | M1: 控制PRD @韩天亮 | N1: 端状态PRD @陈西钺 | O1: 接口识别@汪帅 | P1: 研发进展@汪帅 | Q1: 研发备注@汪帅 | R1: 测试用例 @赵晓健 | S1: 测试进展@赵晓健 | T1: 0427测试结果 | U1: 0519测试结果 | V1: 0605测试结果 | W1: 0612测试结果 | X1: 0627测试结果 | Y1: 0710测试结果 | Z1: 0717测试结果 | AA1: 是否必过集 | AB1: 测试QA | AC1: 产品走查进展 | AD1: 产品走查备注 | AE1: 0602_logid | AF1: 问题描述 | AG1: meego单 | AH1: 当前责任方 | AI1: 当前责任人 | AJ1: 问题分类
A2: 通用控制 | B2: 通用控制 | C2: 播控控制 | D2: 播放/暂停/上一首/下一首 | E2: P0 | F2: 播放、暂停、上一首、下一个 | G2: 已支持 | H2: ✅ | I2: 多媒体生态接口_0313.rar 多媒体生态zoneapi接口_0319.zip:https://bytedance.larkoffice.com/file/Ru61bhAqaoypyXx4JFZcOqmlnkh 多媒体生态zoneapi接口_0320.zip:https://bytedance.larkoffice.com/file/RLYrbJnEnoGJ5LxzgTHcJd5kn7g 多媒体修改bug更新了sdk，上汽侧代码今天0709晚上提交，明天0710的db可以验证6.0.2版本.zip:https://internal-api-drive-stream.larkoffice.com/space/api/box/stream/download/preview/BonUb1J6goQlxyxuKcycu5A9nCd?mount_point=docx_file&preview_type=16 | J2: ✅ | K2: ✅ | L2: 播放状态设置 播放切换 | M2: 语音控制多媒体_Flow_Chart_V3.0.pdf Vehicle_Platform1.0_IS4PR_Yu_Yin_Kong_Zhi_IS4PR_Yu_Yin_Kong_Zhi_Duo_Mei_Ti__Shuo_Ming_Xin_Xi_Tong_Bu.pdf:https://internal-api-drive-stream.larkoffice.com/space/api/box/stream/download/preview/TvJ3bdlhqo42dfxKif7cEas1nTd?mount_point=docx_file&preview_type=16 Vehicle_Platform1.0_IS4PR_Yu_Yin_Kong_Zhi_IS4PR_Yu_Yin_Kong_Zhi_Duo_Mei_Ti__Shuo_Ming_Xin_Xi_Tong_Bu.pdf:https://internal-api-drive-stream.larkoffice.com/space/api/box/stream/download/preview/C7Itbi0smoGJVjx6EC5caO0Jngb?mount_point=docx_file&preview_type=16 【多媒体_V4.0】Vehicle_Platform1.0_IS4PR_Yu_Yin_Kong_Zhi_IS4PR_Yu_Yin_Kong_Zhi_Duo_Mei_Ti__Shuo_Ming_Xin_Xi_Tong_Bu.pdf:https://internal-api-drive-stream.larkoffice.com/space/api/box/stream/download/preview/LXEEbHoZloDZUtx7dJpcdfkQnJf?mount_point=docx_file&preview_type=16 | N2: DNA1.0：场景感知状态信号库v2.5 | P2: ✅ | Q2: action[暂停、续播、重播] target[音乐、有声、电台、视频、空] | S2: ✅ | T2: ❌ | U2: ✅ | V2: ✅ | W2: ✅ | Z2: ✅ | AA2: 是 | AB2: @刘晓帝
A3: 通用控制 | D3: 上一首<媒体类别>/下一首<媒体类别> | E3: P0 | F3: 下一首歌、下一个视频 | G3: 已支持 | H3: ✅ | J3: ✅ | L3: 播放切换 | P3: ✅ | Q3: value[上一个,下一个,空] target[音乐,歌单,有声,电台,视频,新闻,空,其他] | S3: ✅ | T3: ❌ | U3: ✅ | V3: ✅ | W3: ✅ | Z3: ✅ | AA3: 是 | AB3: @刘晓帝
A4: 通用控制 | C4: 收藏 | D4: 收藏意图 | E4: P0 | F4: 收藏、加入收藏夹、添加收藏 | H4: ✅ | J4: ✅ | L4: 媒体收藏 | P4: ✅ | Q4: action[收藏,取消收藏] target[音乐,歌单,有声,电台,视频,新闻,空,其他] | S4: ✅ | T4: ✅ | U4: ✅ | V4: ✅ | W4: ✅ | AA4: 是 | AB4: @刘晓帝
A5: 通用控制 | D5: 取消收藏意图 | E5: P0 | F5: 取消收藏 | H5: ✅ | J5: ✅ | L5: 媒体收藏 | P5: ✅ | Q5: action[收藏,取消收藏] target[音乐,歌单,有声,电台,视频,新闻,空,其他] | S5: ✅ | T5: ✅ | U5: ✅ | V5: ✅ | W5: ✅ | AA5: 是 | AB5: @刘晓帝
A6: 通用控制 | C6: 列表操作 | D6: 打开播放列表 | E6: P0 | F6: 打开播放列表 | H6: ✅ | J6: ✅ | L6: 播放列表开关 | P6: ✅ | Q6: action打开,关闭 position主驾,副驾,仪表,前排,后排,所有,PAD,车机,语音屏,空 | S6: ✅ | T6: ❌ | U6: ✅ | V6: ✅ | W6: ✅ | Z6: ✅ | AA6: 是 | AB6: @刘晓帝
A7: 通用控制 | D7: 关闭播放列表 | E7: P0 | F7: 关闭播放列表 | H7: ✅ | J7: ✅ | L7: 播放列表开关 | P7: ✅ | Q7: action打开,关闭 position主驾,副驾,仪表,前排,后排,所有,PAD,车机,语音屏,空 | S7: ✅ | T7: ❌ | U7: ✅ | V7: ✅ | W7: ✅ | Z7: ✅ | AA7: 是 | AB7: @刘晓帝
A8: 通用控制 | D8: 打开收藏列表 | E8: P0 | F8: 打开收藏列表 | H8: ✅ | J8: ✅ | L8: 媒体列表开关 | P8: ✅ | Q8: action打开,关闭 position主驾,副驾,仪表,前排,后排,所有,PAD,车机,语音屏,空 | S8: ✅ | T8: ❌ | U8: ✅ | V8: ✅ | W8: ✅ | Z8: ✅ | AA8: 是 | AB8: @刘晓帝
A9: 通用控制 | D9: 关闭收藏列表 | E9: P0 | F9: 关闭收藏列表 | H9: ✅ | J9: ✅ | L9: 媒体列表开关 | P9: ✅ | Q9: action打开,关闭 position主驾,副驾,仪表,前排,后排,所有,PAD,车机,语音屏,空 | S9: ✅ | T9: ✅ | U9: ✅ | V9: ✅ | W9: ✅ | AA9: 是 | AB9: @刘晓帝
A10: 通用控制 | D10: 播放收藏列表 | E10: P0 | F10: 播放收藏列表 | H10: ✅ | J10: ✅ | L10: 媒体列表播放 | P10: ✅ | Q10: media_type 音乐,歌单,有声,电台,视频,空 list_type 历史,收藏,推荐,下载,空 media_source蓝牙音乐,U盘音乐,QQ音乐,网易云音乐,酷我音乐,千千静听,咪咕音乐,喜马拉雅,蜻蜓FM,芒果动听,花城FM,小宇宙,懒人听书,爱奇艺,优酷视频,哔哩哔哩,腾讯视频,芒果视频,华为视频,咪咕视频,小米视频,本地,网络,空,其他 | S10: ✅ | T10: ✅ | U10: ✅ | V10: ✅ | W10: ✅ | AA10: 是 | AB10: @刘晓帝
A11: 通用控制 | C11: 播放模式 | D11: 切换模式意图 | E11: P0 | F11: 切换播放模式、bo式 | H11: ✅ | J11: ✅ | L11: 播放模式设置 | P11: ✅ | Q11: value列表播放,单曲循环,随机播放,列表循环,空 target音乐,有声,电台,视频,空 media_source网易云音乐,酷我音乐,多媒体,爱奇艺,火山车娱,抖音,西瓜视频,头条新闻,哔哩哔哩,央视影音,蓝牙音乐,U盘,凯叔讲故事,爱趣听,宝宝巴士儿歌,口袋故事,樊登读书6、每日英语听力,阿基米德,阿哈路书,腾讯自选股,小宁静,私人定律,凤凰FM,澎湃新闻,荔枝播客,QQ音乐,网络,空,其他 | S11: ✅ | T11: ✅ | U11: ✅ | V11: ✅ | W11: ✅ | AA11: 是 | AB11: @刘晓帝
A12: 通用控制 | D12: 切换具体播放模式 | E12: P0 | F12: 切换为单曲循环、改为随机播放、播放模式切换成顺序播放 | H12: ✅ | J12: ✅ | L12: 播放模式设置 | P12: ✅ | Q12: value列表播放,单曲循环,随机播放,列表循环,空 target音乐,有声,电台,视频,空 media_source网易云音乐,酷我音乐,多媒体,爱奇艺,火山车娱,抖音,西瓜视频,头条新闻,哔哩哔哩,央视影音,蓝牙音乐,U盘,凯叔讲故事,爱趣听,宝宝巴士儿歌,口袋故事,樊登读书6、每日英语听力,阿基米德,阿哈路书,腾讯自选股,小宁静,私人定律,凤凰FM,澎湃新闻,荔枝播客,QQ音乐,网络,空,其他 | S12: ✅ | T12: ✅ | U12: ✅ | V12: ✅ | W12: ✅ | AA12: 是 | AB12: @刘晓帝
A13: 通用控制 | C13: 播放进度调节 | D13: 调节播放进度意图（快进/快退） | E13: P0 | F13: 快进、快退 | H13: ✅ | J13: ✅ | L13: 播放进度快进退 | O13: 目前只支持视频 | P13: ✅ | Q13: time 01:01:00 +00:00:05 -00:00:05 time mid,max,min target音乐,有声,电台,视频,空 | S13: ✅ | T13: ❌ | U13: ❌ | V13: ❌ | W13: ❌ | Y13: ✅ | Z13: ✅ | AA13: 是 | AB13: @刘晓帝 | AE13: 20260603150013EB1F6B9A521BD523A556 | AF13: 快进执行快退
A14: 通用控制 | D14: 调节指定播放进度 | E14: P0 | F14: 快进到4分15秒 | H14: ✅ | J14: ❌ | L14: 播放进度快进退 | O14: 目前只支持视频 | P14: ✅ | Q14: time 01:01:00 +00:00:05 -00:00:05 time mid,max,min target音乐,有声,电台,视频,空 | S14: ✅ | T14: ❌ | U14: ❌ | V14: ✅ | W14: ❌ | Y14: ✅ | Z14: ✅ | AA14: 是 | AB14: @刘晓帝
A15: 通用控制 | D15: 播放进度增加n/n减少n | E15: P0 | F15: 快进4分15秒 | H15: ✅ | J15: ❌ | L15: 播放进度快进退 | O15: 目前只支持视频 | P15: ✅ | Q15: time 01:01:00 +00:00:05 -00:00:05 time mid,max,min target音乐,有声,电台,视频,空 | S15: ✅ | T15: ❌ | U15: ❌ | V15: ✅ | W15: ❌ | Y15: ✅ | Z15: ✅ | AA15: 是 | AB15: @刘晓帝
A16: 通用控制 | D16: 播放进度调到极值 | E16: P0 | F16: 播放进度调到最前/最后 | H16: ✅ | J16: ✅ | L16: 播放进度快进退 | O16: 目前只支持视频 | P16: ✅ | Q16: time 01:01:00 +00:00:05 -00:00:05 time mid,max,min target音乐,有声,电台,视频,空 | S16: ✅ | T16: ❌ | U16: ❌ | V16: ✅ | W16: ❌ | Y16: ✅ | Z16: ✅ | AA16: 是 | AB16: @刘晓帝
A17: 通用控制 | D17: 重新播放 | E17: P0 | F17: 重新播放 | H17: ✅ | J17: ❌ | L17: 播放状态设置 | O17: 罗工说没有这个语义 已兜底提示 | P17: ✅ | Q17: action[暂停、续播、重播] target[音乐、有声、电台、视频、空] | S17: ❌ | T17: ❌ | U17: ❌ | V17: ✅ | W17: ❌ | Y17: ❌ | Z17: ❌ | AA17: 是 | AB17: @刘晓帝 | AE17: 202606121830400EE0BD4ADE38A74D2F53 | AF17: 没有走兜底逻辑
A18: 通用控制 | C18: 音质调节 | D18: 切换音质意图 | E18: P1 | F18: 切换音质 | H18: ✅ | J18: ✅ | L18: 音质设置 | O18: 目前不支持 兜底提示 | P18: ✅ | Q18: value 标准,HQ,SQ,HIRES,臻品2.0,极高,杜比音效,空 value high,mid,low,max,min value 第2档、+ - target音乐,有声,电台,视频,空 | S18: ✅ | U18: ❌ | V18: ✅ | W18: ✅ | AB18: @刘晓帝
A19: 通用控制 | D19: 切换到指定音质 | E19: P1 | F19: 切换到高品质音质 | H19: ✅ | J19: ✅ | L19: 音质设置 | O19: 目前不支持 兜底提示 | P19: ✅ | Q19: value 标准,HQ,SQ,HIRES,臻品2.0,极高,杜比音效,空 value high,mid,low,max,min value 第2档、+ - target音乐,有声,电台,视频,空 | S19: ✅ | U19: ❌ | V19: ✅ | W19: ✅ | AB19: @刘晓帝
A20: 通用控制 | D20: 音质调高/调低 | E20: P1 | F20: 音质调高点 | H20: ✅ | J20: ✅ | L20: 音质设置 | O20: 目前不支持 兜底提示 | P20: ✅ | Q20: value 标准,HQ,SQ,HIRES,臻品2.0,极高,杜比音效,空 value high,mid,low,max,min value 第2档、+ - target音乐,有声,电台,视频,空 | S20: ✅ | U20: ❌ | V20: ✅ | W20: ✅ | AB20: @刘晓帝
A21: 通用控制 | D21: 音质调到极值 | E21: P1 | F21: 音质调到最高 | H21: ✅ | J21: ✅ | L21: 音质设置 | O21: 目前不支持 兜底提示 | P21: ✅ | Q21: value 标准,HQ,SQ,HIRES,臻品2.0,极高,杜比音效,空 value high,mid,low,max,min value 第2档、+ - target音乐,有声,电台,视频,空 | S21: ✅ | U21: ❌ | V21: ✅ | W21: ✅ | AB21: @刘晓帝
A22: 通用控制 | C22: 倍速调节 | D22: 调节倍速意图 | E22: P1 | F22: 切换播放速度 | H22: ✅ | J22: ✅ | L22: 播放速度设置 | O22: 目前只支持视频 | P22: ✅ | Q22: value 0.5,0.75, 1,1.25,1.5,1.75,2,2,25,2.25,2.5, 2.75,3,3.25,3.5,3.75,4,4.25,4.5,4.75, 4.75,5 value high,mid,low,max,min value + - target 音乐,有声,电台,视频,空 | S22: ❌ | U22: ✅ | V22: ✅ | W22: ❌ | Y22: ❌ | AA22: 是 | AB22: @刘晓帝
A23: 通用控制 | D23: 具体倍速调节 | E23: P1 | F23: 1.5倍速播放 | H23: ✅ | J23: ✅ | L23: 播放速度设置 | O23: 目前只支持视频 | P23: ✅ | Q23: value 0.5,0.75, 1,1.25,1.5,1.75,2,2,25,2.25,2.5, 2.75,3,3.25,3.5,3.75,4,4.25,4.5,4.75, 4.75,5 value high,mid,low,max,min value + - target 音乐,有声,电台,视频,空 | S23: ✅ | U23: ❌ | V23: ✅ | W23: ❌ | Y23: ✅ | AA23: 是 | AB23: @刘晓帝
A24: 通用控制 | D24: 倍速调大/调小 | E24: P1 | F24: 倍速调大点 | H24: ✅ | J24: ✅ | L24: 播放速度设置 | O24: 目前只支持视频 | P24: ✅ | Q24: value 0.5,0.75, 1,1.25,1.5,1.75,2,2,25,2.25,2.5, 2.75,3,3.25,3.5,3.75,4,4.25,4.5,4.75, 4.75,5 value high,mid,low,max,min value + - target 音乐,有声,电台,视频,空 | S24: ✅ | U24: ❌ | V24: ✅ | W24: ❌ | Y24: ✅ | AA24: 是 | AB24: @刘晓帝
A25: 通用控制 | D25: 倍速调到极值 | E25: P1 | F25: 倍速调到最大 | H25: ✅ | J25: ✅ | L25: 播放速度设置 | O25: 目前只支持视频 | P25: ✅ | Q25: value 0.5,0.75, 1,1.25,1.5,1.75,2,2,25,2.25,2.5, 2.75,3,3.25,3.5,3.75,4,4.25,4.5,4.75, 4.75,5 value high,mid,low,max,min value + - target 音乐,有声,电台,视频,空 | S25: ✅ | U25: ❌ | V25: ✅ | W25: ❌ | Y25: ✅ | AA25: 是 | AB25: @刘晓帝
A26: 通用控制 | D26: 倍速调节上下文 | E26: P1 | F26: 再快点、再慢点 | H26: ✅ | J26: ✅ | L26: 播放速度设置 | O26: 目前只支持视频 | P26: ✅ | Q26: value 0.5,0.75, 1,1.25,1.5,1.75,2,2,25,2.25,2.5, 2.75,3,3.25,3.5,3.75,4,4.25,4.5,4.75, 4.75,5 value high,mid,low,max,min value + - target 音乐,有声,电台,视频,空 | S26: ✅ | U26: ❌ | V26: ✅ | W26: ❌ | Y26: ✅ | AA26: 是 | AB26: @刘晓帝
A27: 通用控制 | C27: 查询播放内容 | E27: P0 | F27: 当前播放的是什么歌曲 | G27: 46101 | H27: ✅ | J27: ✅ | L27: 依赖端状态上传 | O27: 目前已实现两边标Y的 | P27: ✅ | S27: ✅ | U27: ✅ | V27: ✅ | W27: ✅ | AA27: 是 | AB27: @刘晓帝
A28: 通用控制 | C28: AI语音手机融合需求 | E28: P1 | F28: 播放手机音乐 | H28: ✅ | J28: ❌ | L28: 手机控制意图、主线不支持，项目pe实现 | O28: 反馈无该需求 | Q28: 左晨反馈“用手机控制的 先都hold，方案换了。” 0708 与令平确认，与手车互联一起pending到9月5号 | S28: block | U28: ❌ | W28: block | AB28: @刘晓帝
A29: 语音控制音乐 | B29: 语音控制音乐 | C29: 播放音乐 | D29: 播放音乐意图 | E29: P0 | F29: 我要听音乐 | G29: 46101 | H29: ✅ | J29: ✅ | L29: 音乐歌曲播放 | P29: ✅ | Q29: song 表示歌曲名 index 表示用户想听第几首 artist 表示歌手名。当用户要求多个歌手的歌曲,用","分割多个歌手名,如"汪苏泷,单思纯"。若未提及可 输出空。 album 表示专辑名。当用户没有提到专辑名时,可以输出"空" media_source U盘,蓝牙,在线,本地,qq音乐,网易云音乐,酷狗,酷我, 千千静听,咪咕音乐,空,其他 lyric 表示歌词,当用户想要播放包含某些歌词的歌曲时,使用这个参数,并通过你的知识推理出歌曲名 在参数song里。如果用户没有提到歌词,可以输出"空"。 rank_name 表示榜单名,当用户想要播放某个榜单时,如新歌榜、热歌榜等,可以使用此参数,如果用户没有提到榜单,可以输出"空" song_tag表示歌曲标签,当用户想要根据某种标签来筛选歌曲时,可以用此参数。歌曲标签一般包含: 语言:中文,华语,日语,法语,韩语,英语,西班牙语,粤语语,俄语 -场景:夜店,学习工作,咖啡馆,运动,睡前,旅行,跳舞,派派对,婚礼,约会,校园,开车,学 习,清晨,亲热,咖啡店,散步,工作,婚礼,广场舞 -心情:如伤感,放松,励志,开心,甜蜜,兴奋,安静,寂寞,思念,快乐,安静,宣泄 -目标人群:老人,儿童,宝宝,男人,女人 -主题:KTV金曲,网络歌曲,背景音乐,经典老歌,情歌,儿欢,ACG,影视,综艺,游戏,乐 器,城市,戏曲,DJ神曲,MC喊麦,佛教音乐,厂牌专区,人气音乐节,怀旧,古风,网红,佛 乐,器乐,KTV,喊麦,抖音,3D,店铺专用,纯音乐,国风 奖项:格莱美奖,金曲奖,全美音乐奖,公告牌音乐奖,音乐录像带奖,朱诺大奖,钻石奖,蒙特 卡罗世界音乐奖,水星音乐奖,流行音乐奖,亚洲音乐大奖,世界界音乐大奖,台湾金曲奖 地区:内地,中国香港,中国台湾,港台,欧洲,欧美,<国家名称>,<城市名称> -曲风:流行,摇滚,民谣,电子,舞曲,说唱,轻音乐,爵士,乡村,R&B,古典,民族,英伦, 金属,雷鬼,拉丁,乡村,古风,嘻哈,后摇,hip-hop,民歌,蓝调 -年代:90年代,80年代,00年代,70年代 一年份:2008年,2024年 -性别:男,女,合唱,组合 -版本:现场,翻唱,合唱,伴奏,原唱 -乐器:吉他,钢琴,二胡,电子琴,贝斯,口琴,竖琴,小提琴,大提琴,中提琴,长笛,短笛, 单簧管,双簧管,古筝,琵琶,葫芦丝,手风琴 -资费:全部资费,免费,VIP,付费 -品质:高品质,无损,普通 当用户的表达里包含多个标签,用","分割多个标签,如"英英语,80年代"。 media_type 歌曲,专辑,榜单,空 | S29: ✅ | T29: ❌ | U29: ✅ | V29: ✅ | W29: ✅ | Z29: ✅ | AA29: 是 | AB29: @刘晓帝
A30: 语音控制音乐 | D30: 指定<音乐音效>播放音乐 | E30: P0 | F30: 开始播放u盘音乐、继续播放蓝牙音乐、播放网易云音乐 | G30: 46101 | H30: ✅ | J30: ✅ | L30: 音乐歌曲播放 | P30: ✅ | S30: block | T30: 无U盘 | U30: 无U盘 | V30: 无U盘 | W30: block | AB30: @刘晓帝
A31: 语音控制音乐 | D31: 基于条件播放音乐 | E31: P0 | F31: 播放王菲的歌、播放假如爱有天意、收听专辑范特西 | G31: 46101 | H31: ✅ | J31: ✅ | L31: 音乐歌曲播放 | P31: ✅ | S31: ✅ | T31: ❌ | U31: ❌ | V31: ✅ | W31: ✅ | Z31: ✅ | AA31: 是 | AB31: @刘晓帝 | AE31: 20260526104252FC0829252FD4D9BDD202 | AF31: 播放王菲的歌 音乐画布无歌曲选择选项
A32: 语音控制音乐 | D32: 指定<音乐音效>播放基于条件的音乐 | E32: P0 | F32: 用网易云音乐播放周杰伦的歌、用QQ音乐播放周杰伦的青花瓷 | G32: 46101 | H32: ✅ | J32: ✅ | L32: 音乐歌曲播放 | P32: ✅ | S32: ✅ | T32: ✅ | U32: ✅ | V32: ✅ | W32: ❌ | Y32: ✅ | AA32: 是 | AB32: @刘晓帝
A33: 语音控制音乐 | D33: 播放已下载的音乐 | E33: P1 | F33: 我要听下载的音乐 | G33: NA | L33: 音乐歌曲播放 | O33: 已拖底展示 | P33: ✅ | S33: block | U33: B | V33: B | AB33: @刘晓帝
A34: 语音控制音乐 | D34: 播放最近播放列表 | E34: P0 | F34: 播放最近播放的歌曲、收听最近的播放列表 | G34: NA | L34: 媒体列表播放 | P34: ✅ | Q34: media_type音乐,歌单,有声,电台,视频,空 list_type历史,收藏,推荐,下载,空 media source蓝牙音乐,U盘音乐,QQ音乐,网易云音乐,酷我音乐,千千静听,咪咕音乐,喜马拉雅,蜻蜓FM,芒果动听,花城FM,小宇宙,懒人听书,爱奇艺,优酷视频,哔哩哔哩,腾讯视频,芒果视频,华为视频,咪咕视频,小米视频,本地,网络,空,其他 | S34: block | U34: B | V34: B | AA34: 是 | AB34: @刘晓帝
A35: 语音控制音乐 | D35: 播放这个歌手其他歌曲 | E35: P0 | F35: 播放这个歌手的其他歌曲 | G35: 46101 | H35: ✅ | J35: ✅ | L35: 音乐歌曲播放（依赖端状态或carinfo上传） | P35: ✅ | S35: ✅ | T35: ❌ | U35: ✅ | V35: ✅ | W35: ✅ | Z35: ✅ | AA35: 是 | AB35: @刘晓帝
A36: 语音控制音乐 | C36: 歌词 | D36: 打开歌词 | E36: P0 | F36: 打开歌词、显示歌词 | G36: 46101 | H36: ✅ | J36: ✅ | L36: 歌词开关 | P36: ✅ | Q36: action打开,关闭 screen中控屏、副驾屏、仪表、后排屏、左后屏、右后屏、前排屏、全部屏、PAD、语音屏、后排吸顶屏、其他、空 | S36: ✅ | T36: ✅ | U36: ✅ | V36: ✅ | W36: ✅ | AA36: 是 | AB36: @刘晓帝
A37: 语音控制音乐 | D37: 关闭歌词 | E37: P0 | F37: 关闭歌词、把歌词关掉 | G37: 46101 | H37: ✅ | J37: ✅ | L37: 歌词开关 | P37: ✅ | Q37: action打开,关闭 screen中控屏、副驾屏、仪表、后排屏、左后屏、右后屏、前排屏、全部屏、PAD、语音屏、后排吸顶屏、其他、空 | S37: ✅ | T37: ✅ | U37: ✅ | V37: ✅ | W37: ✅ | AA37: 是 | AB37: @刘晓帝
A38: 语音控制音乐 | C38: 播放歌单 | D38: 播放歌单 | E38: P0 | F38: 播放我的歌单 | G38: 3/20开发完毕，只支持QQ音乐和网易云 | H38: ✅ | J38: ✅ | L38: 音乐歌单播放 | P38: ✅ | Q38: list_name表示歌单名,当用户想要播放某个歌单时,可以使用此参数。如果用户没有提到歌单,可以输 出"空" list_type我的,订阅,喜欢收藏,每日推荐,猜你喜欢,为你推荐,新歌 推荐,华语私人订制,时光雷达,宝藏雷达,私人雷达,空 media sourceU盘,蓝牙,在线,本地,qq音乐,网易云音乐,酷狗,酷我, 千千静听,咪咕音乐,空,其他 | S38: ✅ | T38: ✅ | U38: ✅ | V38: ✅ | W38: ✅ | AA38: 是 | AB38: @刘晓帝
A39: 语音控制音乐 | D39: 播放收藏的音乐 | E39: P0 | F39: 播放收藏的音乐 | G39: 46101 | H39: ✅ | J39: ✅ | L39: 媒体列表播放 | P39: ✅ | Q39: media_type音乐,歌单,有声,电台,视频,空 list_type历史,收藏,推荐,下载,空 media source蓝牙音乐,U盘音乐,QQ音乐,网易云音乐,酷我音乐,千千静听,咪咕音乐,喜马拉雅,蜻蜓FM,芒果动听,花城FM,小宇宙,懒人听书,爱奇艺,优酷视频,哔哩哔哩,腾讯视频,芒果视频,华为视频,咪咕视频,小米视频,本地,网络,空,其他 | S39: ✅ | T39: ✅ | U39: ✅ | V39: ✅ | W39: ✅ | AA39: 是 | AB39: @刘晓帝
A40: 语音控制音乐 | D40: 播放每日推荐的音乐 | E40: P0 | F40: 播放每日推荐的音乐 | G40: 46101 | H40: ✅ | J40: ✅ | L40: 音乐歌单播放 | P40: ✅ | Q40: list_name表示歌单名,当用户想要播放某个歌单时,可以使用此参数。如果用户没有提到歌单,可以输 出"空" list_type我的,订阅,喜欢收藏,每日推荐,猜你喜欢,为你推荐,新歌 推荐,华语私人订制,时光雷达,宝藏雷达,私人雷达,空 media sourceU盘,蓝牙,在线,本地,qq音乐,网易云音乐,酷狗,酷我, 千千静听,咪咕音乐,空,其他 | S40: ✅ | T40: ✅ | U40: ✅ | V40: ✅ | W40: ❌ | Y40: ✅ | AA40: 是 | AB40: @刘晓帝 | AE40: 20260612183939A6B90D57568C1205834E | AF40: 没有播放每日推荐的歌曲
A41: 语音控制音乐 | D41: 播放首页歌单 | E41: P1 | F41: 播放猜你喜欢 | G41: 3/20开发完毕，只支持QQ音乐和网易云 | H41: ✅ | J41: ✅ | L41: 音乐歌单播放 | P41: ✅ | Q41: list_name表示歌单名,当用户想要播放某个歌单时,可以使用此参数。如果用户没有提到歌单,可以输 出"空" list_type我的,订阅,喜欢收藏,每日推荐,猜你喜欢,为你推荐,新歌 推荐,华语私人订制,时光雷达,宝藏雷达,私人雷达,空 media sourceU盘,蓝牙,在线,本地,qq音乐,网易云音乐,酷狗,酷我, 千千静听,咪咕音乐,空,其他 | S41: ✅ | T41: ✅ | U41: ✅ | V41: ✅ | W41: ✅ | AA41: 是 | AB41: @刘晓帝
A42: 语音控制音乐 | C42: MV操作 | D42: 打开MV | E42: P1 | F42: 打开MV、播放这首歌的MV | H42: NA | J42: ❌ | L42: 音乐MV开关 | O42: 0721邹泽文反馈次功能不实施 | P42: ✅ | S42: NA | T42: ❌ | U42: ❌ | V42: ❌ | W42: ❌ | Y42: NA | Z42: NA | AB42: @刘晓帝 | AE42: 20260612184315D64BAD407A737960F9F1 | AF42: 走了腾讯视频
A43: 语音控制音乐 | D43: 关闭MV | E43: P1 | F43: 关闭MV、退出这首歌的MV | H43: NA | J43: ❌ | P43: ✅ | S43: NA | T43: ❌ | U43: ❌ | V43: ❌ | W43: ❌ | Y43: NA | Z43: NA | AB43: @刘晓帝
A44: 语音控制音乐 | D44: 播放基于条件的指定MV | E44: P1 | F44: 播放周杰伦的稻香MV | H44: NA | J44: ❌ | L44: 音乐MV播放 | P44: ✅ | S44: NA | T44: ❌ | U44: ❌ | V44: ❌ | W44: ❌ | Y44: NA | Z44: NA | AB44: @刘晓帝
A45: 语音控制音乐 | C45: 列表操作 | D45: 打开歌单列表 | E45: P0 | F45: 打开我的歌单 | G45: 46101 | H45: ✅ | J45: ✅ | L45: 音乐歌单开关 | P45: ✅ | Q45: action打开,关闭 list_name表示要对哪个歌单名进行操作,如果用户没有提到歌单,可以输出空 list_type我的,喜欢收藏,每日推荐,猜你喜欢,新歌推荐,空 media_sourceU盘,蓝牙,在线,本地,qq音乐,网易云音乐,酷狗,酷我, 千千静听,咪咕音乐,空,其他 | S45: ✅ | T45: ✅ | U45: ✅ | V45: ✅ | W45: ✅ | AA45: 是 | AB45: @刘晓帝
A46: 语音控制音乐 | D46: 关闭歌单列表 | E46: P0 | F46: 关闭歌单列表 | G46: 46101 | H46: ✅ | J46: ✅ | L46: 音乐歌单开关 | P46: ✅ | Q46: action打开,关闭 list_name表示要对哪个歌单名进行操作,如果用户没有提到歌单,可以输出空 list_type我的,喜欢收藏,每日推荐,猜你喜欢,新歌推荐,空 media_sourceU盘,蓝牙,在线,本地,qq音乐,网易云音乐,酷狗,酷我, 千千静听,咪咕音乐,空,其他 | S46: ✅ | T46: ✅ | U46: ❌ | V46: ✅ | W46: ❌ | Y46: ✅ | AA46: 是 | AB46: @刘晓帝 | AE46: 202606121844191BA7E853163A4554E631 | AF46: 没有关闭歌单列表
A47: 语音控制本地电台 | B47: 语音控制本地电台 | C47: 播放本地电台 | D47: 播放本地电台意图 | E47: P0 | F47: 我要听FM、我要听本地电台 | H47: ✅ | J47: ✅ | K47: ✅ | L47: 本地电台播放 | P47: ✅ | Q47: modeAM,FM,空 channel 表示要播放的电台频道,输出数值,如101.5、102.3等。老吉未提及可输出空 media source本地电台,收音机,空 | S47: ✅ | U47: ❌ | V47: ✅ | W47: ✅ | AA47: 是 | AB47: @刘晓帝
A48: 语音控制本地电台 | D48: 本地电台调频选择 | E48: P0 | F48: 调频87.5、播放FM87.5 | H48: ✅ | J48: ✅ | L48: 本地电台播放 | P48: ✅ | Q48: modeAM,FM,空 channel 表示要播放的电台频道,输出数值,如101.5、102.3等。老吉未提及可输出空 media source本地电台,收音机,空 | S48: ✅ | T48: ✅ | U48: ❌ | V48: ✅ | W48: ✅ | AA48: 是 | AB48: @刘晓帝
A49: 语音控制本地电台 | D49: 播放收藏的本地电台 | E49: P1 | F49: 播放收藏的本地电台 | H49: ✅ | J49: ✅ | L49: 媒体列表播放 | O49: 缺接口 兜底提示 | P49: ✅ | Q49: media_type音乐,歌单,有声,电台,视频,空 list_type历史,收藏,推荐,下载,空 media source蓝牙音乐,U盘音乐,QQ音乐,网易云音乐,酷我音乐,千千静听,咪咕音乐,喜马拉雅,蜻蜓FM,芒果动听,花城FM,小宇宙,懒人听书,爱奇艺,优酷视频,哔哩哔哩,腾讯视频,芒果视频,华为视频,咪咕视频,小米视频,本地,网络,空,其他 | S49: ✅ | T49: ❌ | U49: ❌ | V49: ✅ | W49: ✅ | AB49: @刘晓帝
A50: 语音控制本地电台 | C50: 扫频 | D50: 全频道扫频 | E50: P1 | F50: 扫描电台、扫描有效台 | H50: ✅ | J50: ✅ | L50: 收音机频率扫描 | P50: ✅ | Q50: action打开,关闭 | S50: ✅ | T50: ❌ | U50: ❌ | V50: ✅ | W50: ✅ | AB50: @刘晓帝
A51: 语音控制本地电台 | D51: 停止全频段扫描 | E51: P1 | F51: 停止扫描、停止搜索电台 | H51: ✅ | J51: ✅ | L51: 收音机频率扫描 | P51: ✅ | Q51: action打开,关闭 | S51: ✅ | T51: ❌ | U51: ❌ | V51: ✅ | W51: ✅ | AB51: @刘晓帝
A52: 语音控制在线广播 | B52: 语音控制在线广播 | C52: 播放在线广播 | D52: 播放在线广播意图 | E52: P1 | F52: 我要听在线广播、播放在线广播 | H52: ✅ | J52: ✅ | K52: ✅ | L52: 网络电台播放 | P52: ✅ | Q52: channel_name表示要播放的电台名字。如动感101、诗歌之声、中央人民广播电台等。若未提及可输出空 channel_type新闻台,音乐台,交通台,体育台,经济台,文艺台,曲艺台,综合台,方言台,外语台,生活台,都市台,旅游台,其他,空 time表示要播放的电台对应的时间,例如:早晨,夜间,8:00-9:00,若用户未提及可输出为空 district表示用户想要选择的广播地区,例如上海 radio_tag表示用户想要播放的电台标签,当用户想要用某种标签来筛选视频时,使用此参数。例如:最新 最热,最好评 media source喜马拉雅,凤凰FM,懒人听书,云听,阿基米德,芒果动听,口袋故事,宝宝巴士,钱儿频道,宝宝巴士汉字,贝乐虎儿歌,儿歌多多,凯叔讲故事,小红书,微博,腾讯新闻,新浪新闻,网易新闻,搜狐新闻,华尔街见闻,今日头条,央视影音,樊登登读书,每日英语听力,阿哈路书,腾讯自选股,小宁静,私人定定律,澎湃新闻,荔枝播客,网络电台,空,其他 | S52: ❌ | U52: ❌ | V52: ❌ | W52: ❌ | Y52: ❌ | AA52: 是 | AB52: @刘晓帝 | AE52: 20260612184822FAA885529FA1DDFB5F06 | AF52: 无法打开
A53: 语音控制在线广播 | D53: 基于电台名播放在线广播 | E53: P1 | F53: 我想听上海动感101、听一听中国之声 | H53: ✅ | J53: ✅ | L53: 网络电台播放 | P53: ✅ | Q53: channel_name表示要播放的电台名字。如动感101、诗歌之声、中央人民广播电台等。若未提及可输出空 channel_type新闻台,音乐台,交通台,体育台,经济台,文艺台,曲艺台,综合台,方言台,外语台,生活台,都市台,旅游台,其他,空 time表示要播放的电台对应的时间,例如:早晨,夜间,8:00-9:00,若用户未提及可输出为空 district表示用户想要选择的广播地区,例如上海 radio_tag表示用户想要播放的电台标签,当用户想要用某种标签来筛选视频时,使用此参数。例如:最新 最热,最好评 media source喜马拉雅,凤凰FM,懒人听书,云听,阿基米德,芒果动听,口袋故事,宝宝巴士,钱儿频道,宝宝巴士汉字,贝乐虎儿歌,儿歌多多,凯叔讲故事,小红书,微博,腾讯新闻,新浪新闻,网易新闻,搜狐新闻,华尔街见闻,今日头条,央视影音,樊登登读书,每日英语听力,阿哈路书,腾讯自选股,小宁静,私人定定律,澎湃新闻,荔枝播客,网络电台,空,其他 | S53: ❌ | U53: ❌ | V53: ✅ | W53: ❌ | Y53: ❌ | AB53: @刘晓帝
A54: 语音控制在线广播 | D54: 播放每日推荐的在线广播 | E54: P1 | F54: 播放每日推荐的在线广播、播放每日推荐网络电台 | H54: ✅ | J54: ✅ | L54: 媒体列表播放 | O54: sdk兜底提示 | P54: ✅ | Q54: media_type音乐,歌单,有声,电台,视频,空 list_type历史,收藏,推荐,下载,空 media source蓝牙音乐,U盘音乐,QQ音乐,网易云音乐,酷我音乐,千千静听,咪咕音乐,喜马拉雅,蜻蜓FM,芒果动听,花城FM,小宇宙,懒人听书,爱奇艺,优酷视频,哔哩哔哩,腾讯视频,芒果视频,华为视频,咪咕视频,小米视频,本地,网络,空,其他 | S54: ✅ | T54: ❌ | U54: ❌ | V54: ✅ | W54: ✅ | AB54: @刘晓帝
A55: 语音控制在线广播 | D55: 播放收藏的在线广播 | E55: P1 | F55: 播放收藏的在线广播 | H55: ✅ | J55: ✅ | L55: 媒体列表播放 | O55: sdk兜底提示 | P55: ✅ | Q55: media_type音乐,歌单,有声,电台,视频,空 list_type历史,收藏,推荐,下载,空 media source蓝牙音乐,U盘音乐,QQ音乐,网易云音乐,酷我音乐,千千静听,咪咕音乐,喜马拉雅,蜻蜓FM,芒果动听,花城FM,小宇宙,懒人听书,爱奇艺,优酷视频,哔哩哔哩,腾讯视频,芒果视频,华为视频,咪咕视频,小米视频,本地,网络,空,其他 | S55: ✅ | T55: ❌ | U55: ❌ | V55: ❌ | W55: ✅ | AB55: @刘晓帝
A56: 语音控制网络节目 | B56: 语音控制网络节目 | C56: 播放网络节目 | D56: 播放网络节目/播放<网络节目音源> | E56: P1 | F56: 播放网络节目、播放喜马拉雅 | H56: ✅ | J56: ✅ | K56: ✅ | L56: 有声音频播放 | P56: ✅ | Q56: program_name表示要播放的节目名,如米小圈上学记、盗墓笔记等。若未提及可输出空 artist表示主讲人的名字,如易中天、郭德纲。如果用户要求多个主讲进入的有声音频,用",分割多个人 名。如"易中天,曾仕强"。若未提及可输出空。 program_type有声书,相声,脱口秀,小说,广播剧,评书,故事,小品,健康养生,演讲,讲座,戏曲,公开课,人文,历史,诗歌,儿童,旅游,科技,外语,娱乐,情感生活,播客,空 media_source喜马拉雅,央视影音,凯叔讲故事,宝宝巴士,口袋故事,樊登读书,每日英语听力,阿基米德,阿哈路书,腾讯自选股,小宁静,私人定律,澎湃新闻,荔枝播客,凤凰FM,懒人听书,云听,芒果动听,钱儿频道,宝宝巴士汉字,贝乐虎儿歌,儿歌多多,小红书,微博,空,其他 episode 表示想要播放的节目集数,输出数值,最小值为1。若未提及可输出空。 episode_name 表示想要播放的节目集数的名称,如奥特曼老师、保姆杀手等。若未提及可输出空。 | S56: ✅ | U56: ❌ | V56: ✅ | W56: ❌ | Y56: ✅ | AA56: 是 | AB56: @刘晓帝 | AE56: 2026061218501603B9A6D261B6E0C752D4 | AF56: 回复不支持
A57: 语音控制网络节目 | D57: 基于条件播放网络节目 | E57: P1 | F57: 播放郭德纲、播放赵本山的办公室风波 | H57: ✅ | J57: ✅ | L57: 有声音频播放、抖音短视频 | P57: ✅ | Q57: program_name表示要播放的节目名,如米小圈上学记、盗墓笔记等。若未提及可输出空 artist表示主讲人的名字,如易中天、郭德纲。如果用户要求多个主讲进入的有声音频,用",分割多个人 名。如"易中天,曾仕强"。若未提及可输出空。 program_type有声书,相声,脱口秀,小说,广播剧,评书,故事,小品,健康养生,演讲,讲座,戏曲,公开课,人文,历史,诗歌,儿童,旅游,科技,外语,娱乐,情感生活,播客,空 media_source喜马拉雅,央视影音,凯叔讲故事,宝宝巴士,口袋故事,樊登读书,每日英语听力,阿基米德,阿哈路书,腾讯自选股,小宁静,私人定律,澎湃新闻,荔枝播客,凤凰FM,懒人听书,云听,芒果动听,钱儿频道,宝宝巴士汉字,贝乐虎儿歌,儿歌多多,小红书,微博,空,其他 episode 表示想要播放的节目集数,输出数值,最小值为1。若未提及可输出空。 episode_name 表示想要播放的节目集数的名称,如奥特曼老师、保姆杀手等。若未提及可输出空。 | S57: ✅ | U57: ❌ | V57: ✅ | W57: ✅ | AB57: @刘晓帝
A58: 语音控制网络节目 | D58: 指定<网络节目音源>播放基于条件的网络节目 | E58: P1 | F58: 用喜马拉雅播放郭德纲相声 | H58: ✅ | J58: ✅ | L58: 有声音频播放 | P58: ✅ | Q58: program_name表示要播放的节目名,如米小圈上学记、盗墓笔记等。若未提及可输出空 artist表示主讲人的名字,如易中天、郭德纲。如果用户要求多个主讲进入的有声音频,用",分割多个人 名。如"易中天,曾仕强"。若未提及可输出空。 program_type有声书,相声,脱口秀,小说,广播剧,评书,故事,小品,健康养生,演讲,讲座,戏曲,公开课,人文,历史,诗歌,儿童,旅游,科技,外语,娱乐,情感生活,播客,空 media_source喜马拉雅,央视影音,凯叔讲故事,宝宝巴士,口袋故事,樊登读书,每日英语听力,阿基米德,阿哈路书,腾讯自选股,小宁静,私人定律,澎湃新闻,荔枝播客,凤凰FM,懒人听书,云听,芒果动听,钱儿频道,宝宝巴士汉字,贝乐虎儿歌,儿歌多多,小红书,微博,空,其他 episode 表示想要播放的节目集数,输出数值,最小值为1。若未提及可输出空。 episode_name 表示想要播放的节目集数的名称,如奥特曼老师、保姆杀手等。若未提及可输出空。 | S58: ❌ | U58: ❌ | V58: ❌ | W58: ❌ | Y58: ❌ | AB58: @刘晓帝 | AE58: 20260612185527FA1938EC2917BCAFEEB2 | AF58: 没有搜到
A59: 语音控制网络节目 | D59: 播放每日推荐的网络节目 | E59: P1 | F59: 播放每日推荐的网络节目 | H59: ✅ | J59: ✅ | L59: 媒体列表播放 | O59: sdk兜底 | P59: ✅ | Q59: media_type音乐,歌单,有声,电台,视频,空 list_type历史,收藏,推荐,下载,空 media source蓝牙音乐,U盘音乐,QQ音乐,网易云音乐,酷我音乐,千千静听,咪咕音乐,喜马拉雅,蜻蜓FM,芒果动听,花城FM,小宇宙,懒人听书,爱奇艺,优酷视频,哔哩哔哩,腾讯视频,芒果视频,华为视频,咪咕视频,小米视频,本地,网络,空,其他 | S59: ✅ | T59: ❌ | U59: ❌ | V59: ✅ | W59: ✅ | AB59: @刘晓帝
A60: 语音控制网络节目 | D60: 播放收藏的网络节目 | E60: P0 | F60: 播放收藏的网络节目 | H60: ✅ | J60: ✅ | L60: 媒体列表播放 | O60: sdk兜底 | P60: ✅ | Q60: media_type音乐,歌单,有声,电台,视频,空 list_type历史,收藏,推荐,下载,空 media source蓝牙音乐,U盘音乐,QQ音乐,网易云音乐,酷我音乐,千千静听,咪咕音乐,喜马拉雅,蜻蜓FM,芒果动听,花城FM,小宇宙,懒人听书,爱奇艺,优酷视频,哔哩哔哩,腾讯视频,芒果视频,华为视频,咪咕视频,小米视频,本地,网络,空,其他 | S60: ✅ | T60: ❌ | U60: ❌ | V60: ❌ | W60: ✅ | Y60: ✅ | AA60: 是 | AB60: @刘晓帝
A61: 语音控制网络节目 | D61: 播放订阅列表 | E61: P1 | F61: 播放我收藏的网络节目 | H61: ✅ | J61: ✅ | L61: 媒体列表播放 | O61: 原生兜底提示 | P61: ✅ | Q61: media_type音乐,歌单,有声,电台,视频,空 list_type历史,收藏,推荐,下载,空 media source蓝牙音乐,U盘音乐,QQ音乐,网易云音乐,酷我音乐,千千静听,咪咕音乐,喜马拉雅,蜻蜓FM,芒果动听,花城FM,小宇宙,懒人听书,爱奇艺,优酷视频,哔哩哔哩,腾讯视频,芒果视频,华为视频,咪咕视频,小米视频,本地,网络,空,其他 | S61: ✅ | T61: ❌ | U61: ❌ | V61: ❌ | W61: ✅ | Y61: ✅ | AB61: @刘晓帝
A62: 语音控制网络节目 | C62: 订阅 | D62: 订阅意图 | F62: 订阅 | H62: ✅ | J62: ✅ | L62: 媒体收藏 | O62: 功能不支持已托底 | P62: ✅ | Q62: action[收藏,取消收藏] target[音乐,歌单,有声,电台,视频,新闻,空,其他] | S62: ✅ | T62: ❌ | U62: ❌ | V62: ✅ | W62: ✅ | AB62: @刘晓帝
A63: 语音控制网络节目 | D63: 取消订阅意图 | F63: 取消订阅 | H63: ✅ | J63: ✅ | L63: 媒体收藏 | O63: 功能不支持已托底 | P63: ✅ | Q63: action[收藏,取消收藏] target[音乐,歌单,有声,电台,视频,新闻,空,其他] | S63: ✅ | T63: ❌ | U63: ❌ | V63: ✅ | W63: ✅ | AB63: @刘晓帝
A64: 多媒体应用开关 | B64: 多媒体应用开关 | C64: 打开多媒体应用/打开指定屏幕的多媒体应用 | F64: 打开网易云音乐、打开中控屏的QQ音乐 | G64: android原生能力，无需开发 | H64: ✅ | J64: ✅ | K64: ✅ | L64: 指定应用开关 | P64: ✅ | Q64: action打开,关闭 app 地图,媒体中心,多媒体,爱奇艺,哔哩哔哩,视频投屏,全民 K歌,Audiconnect,Carlog,行车影像,智能泊车,智能场 景,主题皮肤,U盘音乐,蓝牙音乐,QQ音乐,网易云音乐, 喜马拉雅,收音机,小宇宙,酷我音乐,懒人听书,应用市场, 车鱼试听,微信,Apple Carplay,HUAWEIHiCar,应用中 心,车主,车辆,百度地图,高德地图,oppo音乐,华为音 乐,酷我音乐,applemusic,咪咕音乐,Neutron player, ViperHiFi,LotusHyperMusic,云听,阿基米德,芒果动 听,口袋故事,宝宝巴士,钱儿频道,儿歌多多,凯叔讲故事, 小红书,微博,腾讯新闻,新浪新闻,网易新闻,搜狐新闻,华 尔街见闻,今日头条,央视影音,樊登读书,每日英语听力,啊 哈路书,腾讯自选股,小宁静,私人定律,澎湃新闻,荔枝播 客,芒果tv,腾讯视频,优酷视频,华为视频,搜狐视频,央视 频,人人视频,全民电视直播,抖音极速版,火山,火山,火山极速 版,抖音火山版,微视,游戏厅,用户手册,用户反馈,赛道报 告,远程协助,空 position主驾,副驾,左后,右后,前排,后排,空 | S64: ✅ | T64: ❌ | U64: ❌ | V64: ❌ | W64: ✅ | Y64: ✅ | AB64: @刘晓帝
A65: 多媒体应用开关 | C65: 关闭多媒体应用/关闭指定屏幕的多媒体应用 | F65: 关闭腾讯视频、关闭副驾驶屏幕的腾讯视频 | G65: 拉桌面，android原生能力，无需开发 | H65: ✅ | J65: ✅ | L65: 指定应用开关 | P65: ✅ | Q65: action打开,关闭 app 地图,媒体中心,多媒体,爱奇艺,哔哩哔哩,视频投屏,全民 K歌,Audiconnect,Carlog,行车影像,智能泊车,智能场 景,主题皮肤,U盘音乐,蓝牙音乐,QQ音乐,网易云音乐, 喜马拉雅,收音机,小宇宙,酷我音乐,懒人听书,应用市场, 车鱼试听,微信,Apple Carplay,HUAWEIHiCar,应用中 心,车主,车辆,百度地图,高德地图,oppo音乐,华为音 乐,酷我音乐,applemusic,咪咕音乐,Neutron player, ViperHiFi,LotusHyperMusic,云听,阿基米德,芒果动 听,口袋故事,宝宝巴士,钱儿频道,儿歌多多,凯叔讲故事, 小红书,微博,腾讯新闻,新浪新闻,网易新闻,搜狐新闻,华 尔街见闻,今日头条,央视影音,樊登读书,每日英语听力,啊 哈路书,腾讯自选股,小宁静,私人定律,澎湃新闻,荔枝播 客,芒果tv,腾讯视频,优酷视频,华为视频,搜狐视频,央视 频,人人视频,全民电视直播,抖音极速版,火山,火山,火山极速 版,抖音火山版,微视,游戏厅,用户手册,用户反馈,赛道报 告,远程协助,空 position主驾,副驾,左后,右后,前排,后排,空 | S65: ✅ | T65: ❌ | U65: ✅ | V65: ✅ | W65: ✅ | AB65: @刘晓帝
A66: 语音控制视频 | B66: 语音控制视频 | C66: 基于条件搜索播放视频 | F66: 我想看电视剧、播放恐怖电影、播放沈腾和马丽主演的最新的电影 | G66: 46101 | H66: ✅ | J66: ✅ | L66: 影视剧视频播放 | P66: ✅ | Q66: video_name表示要播放的视频名称。如冰与火之歌、三国演义、大头儿子和小头爸爸、奔跑兄兄弟等。用户 表达可能是某些视频的简称,需要推理出完整的视频名称,如"跑男"推理出"奔跑吧兄弟"、"权 游"推理出"权利的游戏"、"唐说"推理出"唐朝诡事录"。若未提及可输出空, video_type 电视剧,电影,综艺,动画片,动漫,纪录片,其他,空 video_tag 表示要播放视频的标签。当用户想要根据某种标签来筛选视频时,可以用此参数。视频标签一般包 含: -地区:内地,中国香港,中国台湾,港台,欧洲,欧美等国家名字 -语种:粤语,英语,日语,韩语,其他 剧,战争,枪战,军旅,合家欢,谋战,悬疑,菲案,穿越,宫廷,宫廷, 序,神话,科幻,年代,ま 题材:自制,古装,志伤,治愈,励志,励志,机战,言情,武侠,动作,校园,日常,家庭,青春 村,商战,剧情,奇幻,网剧,竖短片,惊悚,恐怖,魔幻,文化,美食,伦理,相亲,纪实,生 活,亲子,少儿,财经,健康,旅游,教育,益智,职场,语言,辩论,满讲,观,民生,产 经,市场,理财,热血,泡面,冒险,欢乐精选,搞笑短片,娱乐/人卦,影视剧吐槽,雷人囧事, 爆笑节目,萌宠,童趣,奇闻趣事,恶搞配音,猎奇,啪啪奇,慈善,热点,热点,八卦,选秀,情感, 时尚,颁奖,活动,结婚,去世,生子,探班,事故,票房,盘点,纠纷,官司,星座,演唱会, 环保,独家,话题,戏曲,儿童剧,歌剧,音乐剧,音乐会,相声,马戏,魔术,展览,公益 -规格:巨制,院线,独播,网络电影 -资费:免费,会员,限免,自制,独播 -出品方:BBC,探索频道 -综艺类型:播报,访谈,游戏,晚会,曲艺,脱口秀,真人秀,竞技,爱奇艺出品,竞演 -动漫类型:轻小说改编,漫画改编,游戏改编,原创 动漫版本:特摄,布袋戏,特别篇,动态漫画,动画电影,轻动画,偶像,短剧 少儿年龄段:3岁 -少儿课程类型:儿歌,故事,学英语,百科,国学,手工,识字,数学,美术,舞蹈,运动,音 乐,诗词,口才 -少儿节目类型:有声绘本,儿童综艺,真人特辑 -奖项:奥斯卡奖,金像奖,白玉兰奖,艾美奖,夏纳奖,金鸡奖,百花奖,金马奖,金棕桐奖 -排序:新上线,热播榜,好评榜,即将上线 -年份:如2024,2023,2022,90年代,80年代,70年代等; -榜单:如豆瓣高分,经典必看,近期热门等: -演员性别:男,女 -清晰度:4K、1080P、360P、720P、省流 当用户的表达里包含多个标签,用","分割多个标签,如"古装.韩国"" artist 表示演员的名字。如成龙、金喜善等。如果用户要求多个演员的影视剧,用","分割多个人名 如"成龙,吴彦祖"。若未提及可输出空。当用户表达想要看XX的影视剧时.XX默认是演员名 director 表示导演的名字。如陈凯歌、张艺谋等。如果用户要求多个导演的影视剧,用","分割多个人名 如"沈腾,贾玲"。若未提及可输出空。 media_source 爱奇艺,优酷视频,哔哩哔哩,腾讯视频,芒果视频,华为视 频,咪咕视频,小米视频,其他,空 episode 表示想要播放的视频集数,输出数值,最小值为1。当用户表达想要看最新一集,请输出最新。若 提及可输出空 season 表示想要播放的视频季数,输出数值,最小值为1。当用户表达想要看最新一季,请输出最新。若 提及可输出空 | S66: ✅ | T66: ❌ | U66: ❌ | V66: ✅ | W66: ✅ | AB66: @刘晓帝
A67: 语音控制视频 | C67: 指定视频APP搜索内容 | F67: 用腾讯视频播放西游记 | G67: 46101 | H67: ✅ | J67: ✅ | L67: 影视剧视频播放 | P67: ✅ | S67: ✅ | T67: ❌ | U67: ❌ | V67: ✅ | W67: ✅ | AB67: @刘晓帝
A68: 语音控制视频 | C68: 播放视频 | F68: 播放视频、播放腾讯视频 | G68: 46101 | H68: ✅ | J68: ✅ | L68: 影视剧视频播放 | P68: ✅ | S68: ✅ | U68: ✅ | V68: ✅ | W68: ✅ | AB68: @刘晓帝
A69: 语音控制视频 | C69: 暂停视频 | F69: 暂停视频、视频暂停 | G69: 46101 | H69: ✅ | J69: ✅ | L69: 播放状态设置 | P69: ✅ | Q69: action[暂停、续播、重播] target[音乐、有声、电台、视频、空] | S69: ✅ | U69: ❌ | V69: ✅ | W69: ✅ | AB69: @刘晓帝
A70: 语音控制视频 | C70: 全屏播放/退出全屏播放 | F70: 全屏播放、退出全屏播放 | H70: ❌ | J70: ✅ | L70: 视频屏幕切换 | O70: 字节侧兜底提示 | P70: ✅ | Q70: mode[全屏、半屏] | S70: ✅ | T70: ❌ | U70: ✅ | V70: ✅ | W70: ✅ | AB70: @刘晓帝
A71: 语音控制视频 | C71: 视频清晰度调节 | D71: 调节具体清晰度 | F71: 视频清晰度调到标清 | H71: ✅ | J71: ✅ | L71: 视频画质设置 | P71: ✅ | Q71: value:标清,高清,超清,蓝光,自动,流畅,省流,高码率,原画,高帧率,360p,720p,480p,1080p,4K,2160p,空 value:high,mid,low,max,min value:无符号、+ 、- | S71: ✅ | U71: ❌ | V71: ✅ | W71: ✅ | AB71: @刘晓帝
A72: 语音控制视频 | D72: 调节视频清晰度-调高调低 | F72: 视频清晰度调高一些 | H72: ✅ | J72: ✅ | L72: 视频画质设置 | P72: ✅ | Q72: value:标清,高清,超清,蓝光,自动,流畅,省流,高码率,原画,高帧率,360p,720p,480p,1080p,4K,2160p,空 value:high,mid,low,max,min value:无符号、+ 、- | S72: ✅ | U72: ❌ | V72: ✅ | W72: ✅ | AB72: @刘晓帝
A73: 语音控制视频 | D73: 调节视频清晰度-极值 | F73: 视频清晰度调到最高 | H73: ✅ | J73: ✅ | L73: 视频画质设置 | P73: ✅ | Q73: value:标清,高清,超清,蓝光,自动,流畅,省流,高码率,原画,高帧率,360p,720p,480p,1080p,4K,2160p,空 value:high,mid,low,max,min value:无符号、+ 、- | S73: ✅ | U73: ❌ | V73: ✅ | W73: ✅ | AB73: @刘晓帝
A74: 语音控制视频 | C74: 播放收藏的视频 | F74: 播放收藏的视频 | H74: ❌ | J74: ❌ | L74: 媒体列表播放 | O74: 上汽侧兜底提示 | P74: ✅ | S74: ❌ | T74: ❌ | U74: ❌ | V74: ❌ | W74: ❌ | Y74: ❌ | AB74: @刘晓帝
A75: 语音控制视频 | C75: 播放第X集 | F75: 播放第四集 | H75: ❌ | J75: ❌ | L75: 影视剧视频播放 | O75: 字节侧兜底提示 | P75: ✅ | S75: ❌ | T75: ❌ | U75: ❌ | V75: ❌ | W75: ❌ | Y75: ❌ | AB75: @刘晓帝 | AE75: 2026061219034097366053F422E5D63F9E | AF75: 没有兜底
A76: 语音控制K歌 | B76: 语音控制K歌 | C76: 指定APP搜索内容 | F76: 用全民K歌搜索如果爱忘了 | J76: ❌ | K76: ❌ | L76: 音乐歌曲搜索 | P76: ✅ | Q76: song 表示歌曲名 artist 表示歌手名。当用户要求多个歌手的歌曲,用","分割多个歌手名,如"汪苏泷,单思纯"。若未提及可 输出空。 album 表示专辑名。当用户没有提到专辑名时,可以输出"空" media_source U盘,蓝牙,在线,本地,qq音乐,网易云音乐,酷狗,酷我,全民K歌 千千静听,咪咕音乐,空,其他 lyric 表示歌词,当用户想要播放包含某些歌词的歌曲时,使用这个参数,并通过你的知识推理出歌曲名 在参数song里。如果用户没有提到歌词,可以输出"空"。 rank_name 表示榜单名,当用户想要播放某个榜单时,如新歌榜、热歌榜等,可以使用此参数,如果用户没有提到榜单,可以输出"空" song_tag表示歌曲标签,当用户想要根据某种标签来筛选歌曲时,可以用此参数。歌曲标签一般包含: 语言:中文,华语,日语,法语,韩语,英语,西班牙语,粤语语,俄语 -场景:夜店,学习工作,咖啡馆,运动,睡前,旅行,跳舞,派派对,婚礼,约会,校园,开车,学 习,清晨,亲热,咖啡店,散步,工作,婚礼,广场舞 -心情:如伤感,放松,励志,开心,甜蜜,兴奋,安静,寂寞,思念,快乐,安静,宣泄 -目标人群:老人,儿童,宝宝,男人,女人 -主题:KTV金曲,网络歌曲,背景音乐,经典老歌,情歌,儿欢,ACG,影视,综艺,游戏,乐 器,城市,戏曲,DJ神曲,MC喊麦,佛教音乐,厂牌专区,人气音乐节,怀旧,古风,网红,佛 乐,器乐,KTV,喊麦,抖音,3D,店铺专用,纯音乐,国风 奖项:格莱美奖,金曲奖,全美音乐奖,公告牌音乐奖,音乐录像带奖,朱诺大奖,钻石奖,蒙特 卡罗世界音乐奖,水星音乐奖,流行音乐奖,亚洲音乐大奖,世界界音乐大奖,台湾金曲奖 地区:内地,中国香港,中国台湾,港台,欧洲,欧美,<国家名称>,<城市名称> -曲风:流行,摇滚,民谣,电子,舞曲,说唱,轻音乐,爵士,乡村,R&B,古典,民族,英伦, 金属,雷鬼,拉丁,乡村,古风,嘻哈,后摇,hip-hop,民歌,蓝调 -年代:90年代,80年代,00年代,70年代 一年份:2008年,2024年 -性别:男,女,合唱,组合 -版本:现场,翻唱,合唱,伴奏,原唱 -乐器:吉他,钢琴,二胡,电子琴,贝斯,口琴,竖琴,小提琴,大提琴,中提琴,长笛,短笛, 单簧管,双簧管,古筝,琵琶,葫芦丝,手风琴 -资费:全部资费,免费,VIP,付费 -品质:高品质,无损,普通 当用户的表达里包含多个标签,用","分割多个标签,如"英英语,80年代"。 | S76: ✅ | W76: ✅ | AB76: @刘晓帝
A77: 语音控制K歌 | C77: 我想唱这首歌 | F77: 我想唱这首歌 | H77: Y | J77: ❌ | L77: K歌歌曲点播 | P77: ✅ | Q77: song表示要点播的歌曲名。如七里香、吻别、千里之外等。若未是及时则输出空。 artist表示要点播的歌手名。如周杰伦、张学友等,若未提及时则输出空。 | S77: ✅ | U77: ❌ | V77: ✅ | W77: ✅ | AB77: @刘晓帝
A78: 语音控制K歌 | C78: K歌搜索 | F78: 我想唱如果爱忘了 | H78: Y | J78: ❌ | L78: K歌歌曲点播 | P78: ✅ | Q78: song表示要点播的歌曲名。如七里香、吻别、千里之外等。若未是及时则输出空。 artist表示要点播的歌手名。如周杰伦、张学友等,若未提及时则输出空。 | S78: ✅ | U78: ❌ | V78: ❌ | W78: ❌ | Y78: ❌ | Z78: ✅ | AB78: @刘晓帝 | AE78: 20260612190401190F3B87FA6E589B7776 | AF78: 无执行动作 TTS回复已安排
A79: 语音控制镜像（分享/共享/一起看） | B79: 语音控制镜像（分享/共享/一起看） | C79: 语音控制镜像通用逻辑 | H79: NA | J79: ❌ | L79: NA | AB79: @刘晓帝
A80: 语音控制镜像（分享/共享/一起看） | C80: 将内容镜像给特定屏幕 | F80: 将腾讯视频镜像到副驾屏、将主驾驶屏幕镜像到后排屏幕 | H80: 1）adb install MultiScreen apk 和 MediaCenterService后 2）重启车机 3）命令行拉起 MultiScreen am startservice -n com.zone.multiscreen/com.zone.multiscreen.MultiScreenService 4）在中控屏打开《视频投屏》 5）把中控屏镜像到后排屏 adb shell am broadcast -a com.zone.action.voice.mediacenter --es "content" ' {"taskId":"media132","direction":1,"asr":"将中控屏镜像到后排","tts":\"\","semantic":{"domain":"media","intention":"MIRROR_IMAGE_TO_SCREEN","mediaSlot":{"source":"UNKNOWN","slotData":{"area":"driver", "position":"rear"}}}}' 6）关闭镜像 adb shell am broadcast -a com.saic.zone.action.voice.multiscreen.test --es "content" ' {"taskId":"media23","direction":4,"asr":"关闭视频镜像","tts":\"\","semantic":{"domain":"media","intention":"CLOSE_MIRROR_IMAGE","mediaSlot":{"source":"UNKNOWN","slotData":{"sourceType":"VIDEO"}}}}' | J80: ❌ | L80: 屏幕镜像开关 | O80: 中控屏到其他屏 | P80: ✅ | Q80: action打开,关闭 app爱奇艺、哔哩哔哩、视频投屏、全民K歌、芒果TV、云游戏,空、其他 object视频、K歌、游戏,空、其他 target_screen中控屏、副驾屏、仪表、后排屏、左后屏、右后屏、前排屏、全部屏、PAD、语音屏、后排吸顶屏、其他、空 screen中控屏、副驾屏、仪表、后排屏、左后屏、右后屏、前排屏、全部屏、PAD、语音屏、后排吸顶屏、其他、空 | S80: ❌ | U80: ❌ | V80: ❌ | W80: ❌ | Y80: ❌ | AB80: @刘晓帝 | AF80: 无法镜像
A81: 语音控制镜像（分享/共享/一起看） | C81: 语音打开镜像功能 | F81: 打开副驾屏幕的镜像功能 | J81: ❌ | L81: 屏幕镜像开关 | O81: 罗文彬反馈上汽没给api | Q81: action打开,关闭 app爱奇艺、哔哩哔哩、视频投屏、全民K歌、芒果TV、云游戏,空、其他 object视频、K歌、游戏,空、其他 target_screen中控屏、副驾屏、仪表、后排屏、左后屏、右后屏、前排屏、全部屏、PAD、语音屏、后排吸顶屏、其他、空 screen中控屏、副驾屏、仪表、后排屏、左后屏、右后屏、前排屏、全部屏、PAD、语音屏、后排吸顶屏、其他、空 | AB81: @刘晓帝
A82: 语音控制镜像（分享/共享/一起看） | C82: 语音关闭镜像功能 | F82: 关闭副驾屏幕的镜像功能 | J82: ❌ | L82: 屏幕镜像开关 | O82: object只支持Video | P82: ✅ | Q82: action打开,关闭 app爱奇艺、哔哩哔哩、视频投屏、全民K歌、芒果TV、云游戏,空、其他 object视频、K歌、游戏,空、其他 target_screen中控屏、副驾屏、仪表、后排屏、左后屏、右后屏、前排屏、全部屏、PAD、语音屏、后排吸顶屏、其他、空 screen中控屏、副驾屏、仪表、后排屏、左后屏、右后屏、前排屏、全部屏、PAD、语音屏、后排吸顶屏、其他、空 | S82: ❌ | U82: ❌ | V82: ❌ | W82: ❌ | Y82: ❌ | AB82: @刘晓帝 | AF82: 无法镜像
A83: AI语音手机融合需求-语音控制抖音 | B83: AI语音手机融合需求-语音控制抖音 | C83: 打开手机抖音指定页面 | F83: 打开抖音关注、打开抖音直播页 | H83: ✅ | J83: ❌ | L83: 待确认是否需要支持 | AB83: @刘晓帝
A84: AI语音手机融合需求-语音控制抖音 | C84: 播放抖音视频 | D84: 用抖音播放短视频、抖音同城 | F84: 打开抖音看搞笑视频 | H84: ✅ | J84: ❌ | L84: 待确认是否需要支持 | AB84: @刘晓帝

Sheet 地图导航
